"Player","Season","Team","Position","GP","TOI","Opp #","TOI/GP","TOI%","RAPM_C±/60","RAPM_xG±/60","GAR±/60","xGAR±/60","RAPM_CF/60","RAPM_CA/60","RAPM_xGF/60","RAPM_xGA/60","Off_GAR/60","Def_GAR/60","Off_xGAR/60","Def_xGAR/60"
"A.J. Greer","25-26","FLA","L",59,662.87,612,13.99,27.98,0.37,0.015,0.2,0.18,0.23,-0.14,0.007,-0.008,0.17,0.03,0.15,0.03
"Aaron Ekblad","25-26","FLA","D",57,965.68,590,14.75,29.51,0.63,0.023,0.25,0.24,0.51,-0.12,0.025,0.002,0.24,0.01,0.22,0.01
"Aatu Raty","25-26","VAN","C",45,498.92,570,14.05,28.01,0.12,0.016,0.2,0.18,0.19,0.07,0.012,-0.005,0.17,0.03,0.16,0.02
"Adam Boqvist","25-26","NYI","D",20,240.43,314,13.85,27.66,-0.16,-0.008,0.13,0.12,-0.15,0.01,-0.013,-0.005,0.1,0.03,0.1,0.02
"Adam Edstrom","25-26","NYR","C",24,227.17,373,13.84,27.67,0.25,0.009,0.17,0.17,0.27,0.02,0.014,0.005,0.17,0.01,0.17,0
"Adam Engstrom","25-26","MTL","D",11,136.78,165,13.55,27.13,1.12,0.041,0.19,0.2,0.42,-0.69,0.009,-0.031,0.1,0.08,0.11,0.08
"Adam Erne","25-26","DAL","L",26,243.23,358,13.89,27.79,0.49,0.02,0.18,0.17,0.32,-0.17,0.016,-0.004,0.15,0.02,0.15,0.02
"Adam Fantilli","25-26","CBJ","C",58,908.72,628,14.49,28.92,0.67,0.023,0.21,0.2,0.41,-0.26,0.014,-0.008,0.18,0.03,0.17,0.03
"Adam Fox","25-26","NYR","D",32,611.67,455,14.49,28.95,0.58,0.022,0.21,0.21,0.46,-0.12,0.025,0.003,0.2,0.01,0.2,0.01
"Adam Gaudette","25-26","S.J","R",45,462.47,520,14.04,27.98,0.11,0.002,0.18,0.17,0.13,0.03,0.001,-0.001,0.16,0.02,0.15,0.02
"Adam Ginning","25-26","PHI","D",5,66.52,73,13.87,28.31,1.1,0.02,0.13,0.13,0.64,-0.46,0.019,-0.002,0.14,-0.01,0.12,0.01
"Adam Henrique","25-26","EDM","C",46,515.52,592,13.97,27.89,-0.07,-0.002,0.16,0.15,0.08,0.15,-0.003,-0.001,0.14,0.02,0.14,0.01
"Adam Klapka","25-26","CGY","R",57,563.22,610,13.86,27.64,-0.13,-0.002,0.16,0.16,-0.1,0.03,-0.004,-0.002,0.14,0.02,0.14,0.02
"Adam Larsson","25-26","SEA","D",59,1095.4,600,14.67,29.26,0.28,0.013,0.21,0.21,0.31,0.03,0.018,0.004,0.2,0.01,0.2,0.01
"Adam Lowry","25-26","WPG","C",46,564.07,546,14.53,29.03,0.52,0.026,0.21,0.22,0.49,-0.03,0.029,0.003,0.19,0.01,0.21,0.01
"Adam Pelech","25-26","NYI","D",60,1068.85,614,14.54,29.02,0.52,0.02,0.22,0.21,0.42,-0.1,0.018,-0.002,0.19,0.02,0.19,0.02
"Adam Wilsby","25-26","NSH","D",45,696.75,545,14.52,28.98,0.36,0.014,0.19,0.18,0.38,0.02,0.016,0.003,0.18,0.01,0.18,0.01
"Adrian Kempe","25-26","L.A","R",59,870.43,607,14.67,29.31,0.51,0.026,0.22,0.22,0.35,-0.16,0.019,-0.006,0.2,0.03,0.19,0.03
"Albert Johansson","25-26","DET","D",60,874.28,609,14.22,28.43,0.44,0.014,0.2,0.2,0.36,-0.08,0.011,-0.003,0.18,0.02,0.18,0.02
"Alec Regula","25-26","EDM","D",29,393.5,439,14.12,28.17,0.18,0.005,0.16,0.17,0.19,0.01,0.004,0,0.15,0.01,0.15,0.01
"Alex Carrier","25-26","MTL","D",59,937.83,602,14.3,28.6,0.44,0.018,0.2,0.19,0.26,-0.19,0.009,-0.009,0.17,0.03,0.16,0.03
"Alex Debrincat","25-26","DET","R",60,844.55,607,14.59,29.15,0.62,0.019,0.23,0.22,0.48,-0.14,0.018,0,0.21,0.02,0.2,0.02
"Alex Holtz","25-26","VGK","R",28,305.63,365,14.09,28.33,0.53,0.015,0.19,0.18,0.44,-0.09,0.009,-0.006,0.17,0.02,0.16,0.02
"Alex Iafallo","25-26","WPG","L",58,701.52,610,14.43,28.82,0.37,0.021,0.2,0.2,0.32,-0.05,0.018,-0.003,0.17,0.02,0.18,0.02
"Alex Kerfoot","25-26","UTA","C",11,100.5,167,14.06,28.17,0.82,0.04,0.23,0.2,0.51,-0.3,0.019,-0.021,0.17,0.06,0.15,0.05
"Alex Killorn","25-26","ANA","L",58,725.68,599,14.41,28.74,0.34,0.008,0.18,0.18,0.29,-0.05,0.006,-0.002,0.16,0.02,0.16,0.02
"Alex Laferriere","25-26","L.A","R",59,823.08,608,14.63,29.22,0.44,0.019,0.21,0.21,0.34,-0.1,0.019,-0.001,0.2,0.02,0.19,0.02
"Alex Newhook","25-26","MTL","C",19,229.7,324,14.32,28.57,-0.06,-0.009,0.17,0.13,-0.03,0.03,-0.011,-0.002,0.14,0.03,0.11,0.02
"Alex Nikishin","25-26","CAR","D",58,899.65,618,14.02,28.02,0.15,0.007,0.17,0.16,0.09,-0.06,-0.005,-0.011,0.13,0.03,0.13,0.03
"Alex Ovechkin","25-26","WSH","L",62,774.33,625,14.3,28.56,0.36,0.012,0.17,0.18,0.21,-0.15,0.004,-0.008,0.15,0.03,0.15,0.03
"Alex Petrovic","25-26","DAL","D",51,761.53,594,14.1,28.19,0.22,0.008,0.16,0.16,0.2,-0.01,0.007,-0.002,0.14,0.02,0.14,0.02
"Alex Romanov","25-26","NYI","D",15,252.7,254,14.28,28.44,0.76,0.031,0.19,0.19,0.61,-0.14,0.027,-0.003,0.17,0.02,0.17,0.01
"Alex Steeves","25-26","BOS","C",38,393.18,488,14.26,28.42,0.08,0.005,0.18,0.17,0.03,-0.05,-0.002,-0.007,0.15,0.03,0.15,0.02
"Alex Texier","25-26","MTL","L",31,409.9,416,14.56,29.16,0.82,0.039,0.23,0.23,0.49,-0.33,0.027,-0.012,0.19,0.03,0.19,0.04
"Alex Texier","25-26","STL","L",8,75.6,142,13.94,27.85,-0.26,-0.021,0.07,0.05,-0.03,0.23,-0.012,0.009,0.08,-0.01,0.07,-0.02
"Alex Tuch","25-26","BUF","R",59,840.5,599,14.6,29.23,0.82,0.03,0.21,0.23,0.53,-0.29,0.021,-0.009,0.18,0.03,0.2,0.03
"Alex Turcotte","25-26","L.A","C",52,551.23,563,13.89,27.78,-0.06,-0.002,0.15,0.14,0,0.06,-0.004,-0.002,0.14,0.02,0.13,0.02
"Alex Vlasic","25-26","CHI","D",58,1029.32,632,14.86,29.67,0.54,0.024,0.24,0.23,0.51,-0.02,0.027,0.004,0.22,0.02,0.22,0.01
"Alex Wennberg","25-26","S.J","C",57,812.33,555,14.76,29.41,0.52,0.018,0.21,0.21,0.5,-0.02,0.018,0.001,0.2,0.01,0.19,0.01
"Alexei Toropchenko","25-26","STL","R",43,442,521,14.14,28.17,0.28,0.019,0.18,0.19,0.21,-0.07,0.014,-0.004,0.16,0.02,0.17,0.02
"Alexis Lafrenière","25-26","NYR","L",59,857.28,592,14.55,29.1,0.75,0.025,0.22,0.22,0.5,-0.24,0.025,0,0.21,0.02,0.21,0.02
"Aliaksei Protas","25-26","WSH","C",59,904.85,618,14.77,29.5,0.72,0.025,0.21,0.22,0.51,-0.21,0.021,-0.004,0.18,0.02,0.2,0.02
"Anders Lee","25-26","NYI","L",60,773.7,613,14.47,28.89,0.51,0.017,0.21,0.21,0.46,-0.05,0.018,0,0.19,0.02,0.19,0.02
"Andre Burakovsky","25-26","CHI","L",53,750.83,583,14.57,29.12,0.48,0.018,0.21,0.2,0.38,-0.1,0.016,-0.002,0.19,0.02,0.18,0.02
"Andre Lee","25-26","L.A","L",7,71.87,109,13.8,27.45,-0.13,0.017,0.2,0.21,-0.18,-0.05,0.009,-0.008,0.16,0.04,0.17,0.03
"Andrei Kuzmenko","25-26","L.A","L",52,606.32,562,14.16,28.32,0.19,0.01,0.18,0.16,0.1,-0.09,0.003,-0.007,0.15,0.03,0.14,0.03
"Andrei Svechnikov","25-26","CAR","R",59,791.72,617,14.83,29.69,0.44,0.02,0.23,0.22,0.39,-0.05,0.021,0.001,0.21,0.01,0.2,0.01
"Andrew Copp","25-26","DET","C",60,779.45,609,14.41,28.8,0.59,0.017,0.22,0.21,0.45,-0.14,0.016,-0.001,0.2,0.02,0.19,0.02
"Andrew Mangiapane","25-26","EDM","L",52,620.28,607,14.33,28.6,0.06,0.005,0.17,0.16,0.15,0.09,0.003,-0.001,0.14,0.02,0.14,0.01
"Andrew Peeke","25-26","BOS","D",56,934.92,598,14.3,28.61,0.42,0.017,0.19,0.19,0.28,-0.14,0.012,-0.005,0.17,0.02,0.17,0.02
"Angus Crookshank","25-26","N.J","C",8,68.82,126,13.71,27.28,0.38,0.01,0.19,0.18,0.13,-0.25,-0.004,-0.014,0.16,0.04,0.14,0.04
"Anthony Beauvillier","25-26","WSH","L",62,863.98,625,14.33,28.63,0.42,0.014,0.18,0.18,0.27,-0.15,0.01,-0.004,0.16,0.02,0.16,0.02
"Anthony Cirelli","25-26","T.B","C",50,630.63,563,14.65,29.26,0.63,0.025,0.21,0.21,0.48,-0.15,0.023,-0.002,0.19,0.02,0.19,0.02
"Anthony Duclair","25-26","NYI","L",54,631.82,566,14.26,28.49,0.36,0.014,0.18,0.18,0.23,-0.12,0.008,-0.005,0.15,0.03,0.15,0.02
"Anthony Mantha","25-26","PIT","R",58,720.33,584,14.23,28.39,0.08,0,0.18,0.16,0.17,0.09,0.004,0.003,0.17,0.01,0.16,0.01
"Anton Lundell","25-26","FLA","C",56,755.53,602,14.89,29.78,0.77,0.027,0.25,0.25,0.61,-0.16,0.031,0.003,0.24,0.01,0.24,0.01
"Anze Kopitar","25-26","L.A","C",44,604.75,515,14.59,29.2,0.56,0.022,0.21,0.21,0.4,-0.16,0.016,-0.006,0.19,0.02,0.19,0.03
"Arber Xhekaj","25-26","MTL","D",51,560.93,564,13.72,27.4,0.28,0.008,0.16,0.15,0.04,-0.23,-0.011,-0.018,0.11,0.05,0.1,0.05
"Arseny Gritsyuk","25-26","N.J","R",56,762.45,606,14.37,28.73,0.45,0.018,0.22,0.22,0.38,-0.07,0.02,0.002,0.21,0.01,0.2,0.01
"Arshdeep Bains","25-26","VAN","L",28,243.6,384,14.07,28.07,0.33,0.019,0.18,0.17,0.33,0,0.015,-0.005,0.15,0.03,0.15,0.02
"Artem Zub","25-26","OTT","D",58,972.13,625,14.71,29.38,0.46,0.016,0.22,0.22,0.44,-0.02,0.019,0.003,0.21,0.01,0.21,0.01
"Artemi Panarin","25-26","NYR","L",52,864.52,586,14.58,29.19,0.73,0.022,0.22,0.22,0.53,-0.21,0.022,0,0.21,0.01,0.21,0.02
"Artturi Lehkonen","25-26","COL","L",58,850.37,592,14.8,29.63,0.6,0.017,0.21,0.21,0.44,-0.16,0.016,-0.002,0.19,0.02,0.19,0.02
"Artyom Levshunov","25-26","CHI","D",54,844.38,591,14.32,28.64,0.42,0.016,0.19,0.18,0.33,-0.09,0.01,-0.005,0.17,0.02,0.16,0.02
"Auston Matthews","25-26","TOR","C",54,869.73,585,14.91,29.83,0.9,0.035,0.24,0.26,0.63,-0.27,0.033,-0.002,0.23,0.02,0.24,0.02
"Axel Sandin-Pellikka","25-26","DET","D",60,858.77,609,14.22,28.41,0.37,0.008,0.19,0.19,0.31,-0.07,0.008,0,0.17,0.02,0.17,0.02
"Barclay Goodrow","25-26","S.J","C",57,527.38,557,13.79,27.51,0.38,0.011,0.15,0.15,0.31,-0.07,0.003,-0.007,0.12,0.03,0.12,0.03
"Barrett Hayton","25-26","UTA","C",54,695.15,611,14.49,28.99,0.35,0.013,0.19,0.2,0.3,-0.05,0.01,-0.003,0.17,0.02,0.18,0.02
"Beck Malenstyn","25-26","BUF","L",59,549.82,600,14,27.98,0.26,0.011,0.17,0.17,0.25,-0.01,0.007,-0.004,0.14,0.03,0.15,0.02
"Beckett Sennecke","25-26","ANA","R",58,856.97,599,14.5,28.92,0.4,0.011,0.19,0.19,0.31,-0.1,0.008,-0.003,0.17,0.02,0.17,0.02
"Ben Chiarot","25-26","DET","D",60,1118.58,609,14.44,28.85,0.58,0.018,0.21,0.21,0.47,-0.11,0.019,0.001,0.2,0.02,0.19,0.02
"Ben Hutton","25-26","VGK","D",51,735.7,552,13.92,27.86,0.19,0.004,0.16,0.15,0.14,-0.05,-0.005,-0.008,0.13,0.03,0.13,0.03
"Ben Jones","25-26","MIN","C",26,215.05,435,13.82,27.58,0.52,0.016,0.15,0.15,0.3,-0.22,0.009,-0.007,0.13,0.03,0.13,0.02
"Ben Kindel","25-26","PIT","C",55,693.87,579,14.14,28.21,0.18,0.003,0.17,0.16,0.18,0,0.003,0,0.15,0.02,0.14,0.02
"Ben Meyers","25-26","SEA","C",34,346.63,459,14.07,28.13,0.14,0,0.13,0.15,0.2,0.06,0.002,0.002,0.13,0.01,0.14,0.01
"Berkly Catton","25-26","SEA","C",43,490.57,497,14.14,28.23,-0.11,-0.003,0.14,0.15,-0.08,0.03,0,0.003,0.13,0.01,0.14,0.01
"Blake Coleman","25-26","CGY","L",46,616.02,511,14.59,29.13,0.17,0.009,0.2,0.21,0.12,-0.05,0.01,0.001,0.19,0.01,0.19,0.01
"Blake Lizotte","25-26","PIT","C",48,527.62,535,14.16,28.18,0.15,0.005,0.16,0.15,0.16,0.01,0.003,-0.002,0.14,0.03,0.13,0.02
"Bo Horvat","25-26","NYI","C",46,643.23,528,14.89,29.74,0.77,0.035,0.25,0.26,0.54,-0.23,0.028,-0.008,0.22,0.03,0.23,0.03
"Bobby Brink","25-26","PHI","R",53,686.73,585,14.33,28.68,0.5,0.019,0.2,0.2,0.38,-0.11,0.019,0,0.19,0.01,0.19,0.01
"Bobby McMann","25-26","TOR","C",59,821.93,614,14.46,28.89,0.54,0.022,0.2,0.2,0.43,-0.11,0.02,-0.003,0.18,0.02,0.18,0.02
"Boone Jenner","25-26","CBJ","C",44,588.42,501,14.48,28.92,0.45,0.018,0.2,0.2,0.41,-0.04,0.018,0,0.19,0.01,0.18,0.02
"Bowen Byram","25-26","BUF","D",60,1122.78,603,14.4,28.83,0.57,0.022,0.2,0.21,0.4,-0.17,0.016,-0.005,0.18,0.03,0.18,0.03
"Brad Marchand","25-26","FLA","L",48,598.17,572,14.7,29.36,0.71,0.03,0.23,0.23,0.51,-0.2,0.026,-0.003,0.21,0.02,0.21,0.02
"Braden Schneider","25-26","NYR","D",59,1035.6,598,14.36,28.73,0.57,0.021,0.22,0.21,0.41,-0.15,0.021,0,0.21,0.02,0.2,0.02
"Bradly Nadeau","25-26","CAR","L",8,80.48,143,13.46,26.96,-0.37,-0.013,0.08,0.07,-0.25,0.12,-0.021,-0.008,0.08,0,0.07,0.01
"Brady Skjei","25-26","NSH","D",59,1044.77,612,14.72,29.43,0.56,0.024,0.23,0.22,0.46,-0.1,0.022,-0.002,0.22,0.02,0.21,0.02
"Brady Tkachuk","25-26","OTT","L",39,500.88,469,14.53,29.01,0.57,0.029,0.21,0.2,0.38,-0.19,0.018,-0.011,0.18,0.04,0.17,0.03
"Braeden Bowman","25-26","VGK","R",43,541.48,503,14.41,28.77,0.06,0.002,0.18,0.18,0.16,0.1,0.004,0.002,0.17,0.01,0.17,0.01
"Brandon Carlo","25-26","TOR","D",37,616.17,468,14.48,28.95,0.58,0.02,0.21,0.2,0.46,-0.11,0.014,-0.006,0.18,0.03,0.17,0.03
"Brandon Duhaime","25-26","WSH","R",62,600.68,624,14.09,28.11,0.25,0.008,0.17,0.17,0.19,-0.06,0.004,-0.005,0.14,0.02,0.15,0.02
"Brandon Hagel","25-26","T.B","L",53,760.28,588,14.63,29.24,0.62,0.024,0.22,0.22,0.48,-0.15,0.024,-0.001,0.21,0.01,0.2,0.02
"Brandon Montour","25-26","SEA","D",41,788,496,14.42,28.73,0.17,0.014,0.2,0.21,0.17,0,0.012,-0.002,0.18,0.02,0.19,0.02
"Brandon Saad","25-26","VGK","L",41,518.8,493,14.25,28.58,0.62,0.012,0.17,0.16,0.5,-0.11,0.01,-0.002,0.15,0.02,0.15,0.01
"Brandon Tanev","25-26","UTA","L",45,410.18,549,13.8,27.64,0.11,0.008,0.19,0.18,0.1,-0.01,-0.002,-0.01,0.16,0.04,0.15,0.03
"Brandt Clarke","25-26","L.A","D",59,1002.33,608,14.34,28.66,0.3,0.014,0.2,0.19,0.22,-0.08,0.01,-0.004,0.17,0.02,0.16,0.02
"Brayden McNabb","25-26","VGK","D",40,720.33,488,14.76,29.64,0.82,0.023,0.22,0.21,0.66,-0.16,0.022,0,0.21,0.01,0.2,0.01
"Brayden Pachal","25-26","CGY","D",26,325.68,364,13.79,27.67,-0.19,-0.005,0.15,0.14,-0.21,-0.02,-0.005,0,0.13,0.01,0.12,0.02
"Brayden Point","25-26","T.B","C",40,545.35,494,14.53,29.06,0.74,0.023,0.21,0.2,0.51,-0.22,0.019,-0.004,0.19,0.02,0.18,0.02
"Brayden Schenn","25-26","STL","C",59,837.6,607,14.43,28.82,0.5,0.019,0.2,0.2,0.26,-0.24,0.01,-0.01,0.17,0.03,0.17,0.03
"Brendan Gallagher","25-26","MTL","R",59,652.3,602,14.01,27.99,0.29,0.013,0.18,0.17,0.16,-0.12,0.003,-0.01,0.15,0.04,0.13,0.03
"Brendan Gaunce","25-26","CBJ","C",25,249.03,326,13.67,27.3,0.46,0.022,0.18,0.17,0.37,-0.09,0.012,-0.01,0.15,0.03,0.15,0.02
"Brendan Smith","25-26","CBJ","D",15,155.07,236,13.93,27.73,0.93,0.039,0.18,0.19,0.7,-0.23,0.023,-0.017,0.13,0.05,0.16,0.04
"Brenden Dillon","25-26","N.J","D",60,917.98,613,14.23,28.43,0.48,0.018,0.2,0.2,0.37,-0.12,0.019,0.001,0.19,0.02,0.19,0.02
"Brennan Othmann","25-26","NYR","L",17,161.03,240,13.71,27.45,0,0.003,0.18,0.18,0.01,0.01,-0.004,-0.007,0.15,0.03,0.14,0.03
"Brent Burns","25-26","COL","D",58,924.03,593,14.39,28.8,0.38,0.013,0.19,0.19,0.3,-0.07,0.01,-0.003,0.17,0.02,0.17,0.02
"Brett Berard","25-26","NYR","L",13,136.67,231,13.72,27.49,0.6,0.025,0.2,0.23,0.36,-0.24,0.015,-0.009,0.17,0.03,0.2,0.03
"Brett Howden","25-26","VGK","C",39,519.73,468,14.41,28.88,0.53,0.017,0.2,0.19,0.36,-0.17,0.014,-0.003,0.18,0.02,0.17,0.02
"Brett Kulak","25-26","EDM","D",31,500.05,436,14.05,28.06,0.01,0.002,0.17,0.16,0.06,0.05,-0.001,-0.003,0.15,0.03,0.15,0.01
"Brett Kulak","25-26","PIT","D",25,467.67,340,14.49,28.86,0.51,0.011,0.18,0.18,0.36,-0.15,0.011,0,0.17,0.01,0.16,0.02
"Brett Pesce","25-26","N.J","D",36,621.97,429,14.5,28.86,0.52,0.02,0.22,0.21,0.42,-0.1,0.022,0.003,0.21,0.02,0.2,0.01
"Brian Dumoulin","25-26","L.A","D",59,979.7,608,14.29,28.56,0.31,0.014,0.19,0.18,0.26,-0.06,0.011,-0.003,0.17,0.02,0.16,0.02
"Brian Halonen","25-26","N.J","L",9,67.22,161,13.56,27.09,0.15,0.014,0.2,0.15,0.25,0.09,0.004,-0.01,0.16,0.04,0.13,0.02
"Brock Boeser","25-26","VAN","R",52,723.6,603,14.61,29.17,0.42,0.02,0.22,0.21,0.33,-0.09,0.016,-0.004,0.19,0.03,0.19,0.02
"Brock Faber","25-26","MIN","D",60,1249.45,619,14.67,29.34,0.57,0.02,0.21,0.21,0.46,-0.11,0.023,0.003,0.2,0.01,0.2,0.01
"Brock Nelson","25-26","COL","C",58,799.95,591,14.61,29.25,0.51,0.018,0.22,0.21,0.39,-0.12,0.016,-0.001,0.2,0.02,0.19,0.02
"Bryan Rust","25-26","PIT","R",51,755.8,549,14.94,29.78,0.65,0.025,0.22,0.22,0.5,-0.16,0.023,-0.003,0.2,0.02,0.2,0.02
"Cale Fleury","25-26","SEA","D",17,276.25,243,14.42,28.79,0.13,-0.006,0.14,0.14,0.19,0.06,-0.002,0.004,0.13,0,0.13,0.01
"Cale Makar","25-26","COL","D",58,1050.25,593,14.71,29.44,0.6,0.02,0.21,0.21,0.44,-0.16,0.017,-0.003,0.19,0.02,0.19,0.02
"Caleb Jones","25-26","PIT","D",7,107.05,109,14.08,28.4,0.26,-0.01,0.15,0.1,0.22,-0.04,-0.015,-0.005,0.13,0.02,0.09,0.02
"Calle Jarnkrok","25-26","TOR","C",38,359.02,498,14.21,28.35,0.18,0.013,0.18,0.16,0.09,-0.1,0.008,-0.005,0.15,0.03,0.14,0.03
"Calum Ritchie","25-26","NYI","C",43,450.45,514,13.97,27.88,0.23,0.006,0.16,0.15,0.18,-0.05,-0.002,-0.009,0.12,0.04,0.12,0.03
"Cam Fowler","25-26","STL","D",59,1052.63,608,14.37,28.68,0.39,0.014,0.19,0.18,0.22,-0.17,0.007,-0.006,0.17,0.02,0.16,0.02
"Cam York","25-26","PHI","D",52,906.38,582,14.53,29.02,0.46,0.02,0.21,0.2,0.38,-0.08,0.022,0.001,0.2,0.01,0.19,0.01
"Carl Grundstrom","25-26","PHI","R",30,329.02,399,14.06,28.03,0.41,0.015,0.19,0.2,0.33,-0.08,0.014,-0.001,0.18,0.01,0.19,0.01
"Carson Soucy","25-26","NYI","D",8,109.43,127,13.78,27.42,-0.04,0.009,0.17,0.16,0.21,0.25,0.006,-0.003,0.15,0.02,0.14,0.01
"Carson Soucy","25-26","NYR","D",46,705.65,561,14.32,28.65,0.7,0.028,0.22,0.22,0.48,-0.22,0.022,-0.006,0.19,0.03,0.19,0.03
"Carter Verhaeghe","25-26","FLA","C",58,822.8,609,14.56,29.14,0.66,0.03,0.24,0.22,0.43,-0.23,0.024,-0.006,0.21,0.03,0.19,0.03
"Casey Cizikas","25-26","NYI","C",59,592.45,612,13.81,27.58,0.25,0.01,0.16,0.16,0.18,-0.07,0.005,-0.005,0.13,0.03,0.13,0.02
"Casey Mittelstadt","25-26","BOS","C",49,640.75,550,14.53,29.06,0.38,0.019,0.2,0.2,0.34,-0.04,0.018,-0.001,0.18,0.02,0.19,0.01
"Chandler Stephenson","25-26","SEA","C",57,798.42,575,14.85,29.64,0.27,0.014,0.23,0.22,0.34,0.06,0.021,0.006,0.22,0.01,0.21,0.01
"Charle-Edouard D'astous","25-26","T.B","D",46,778.17,522,14.3,28.58,0.32,0.01,0.18,0.18,0.23,-0.09,0.007,-0.003,0.17,0.02,0.16,0.02
"Charles-Alexis Legault","25-26","CAR","D",8,101.57,144,13.8,27.56,-0.14,-0.002,0.17,0.13,0.03,0.17,-0.012,-0.01,0.14,0.02,0.11,0.02
"Charlie Coyle","25-26","CBJ","C",58,778.97,626,14.61,29.15,0.5,0.022,0.21,0.21,0.5,0,0.026,0.004,0.2,0.01,0.2,0.01
"Charlie McAvoy","25-26","BOS","D",47,818.37,533,14.56,29.14,0.5,0.022,0.21,0.21,0.35,-0.14,0.018,-0.004,0.19,0.02,0.19,0.02
"Chris Kreider","25-26","ANA","L",52,663.12,571,14.6,29.1,0.41,0.014,0.21,0.21,0.28,-0.13,0.009,-0.004,0.18,0.02,0.18,0.02
"Chris Tanev","25-26","TOR","D",11,170.45,165,14.67,29.22,0.35,0.017,0.22,0.2,0.28,-0.07,0.007,-0.01,0.17,0.05,0.16,0.04
"Christian Dvorak","25-26","PHI","C",58,824.38,608,14.6,29.22,0.81,0.03,0.24,0.23,0.58,-0.23,0.027,-0.004,0.22,0.02,0.21,0.02
"Claude Giroux","25-26","OTT","R",59,723.38,624,14.66,29.27,0.38,0.011,0.21,0.21,0.36,-0.02,0.015,0.004,0.2,0.01,0.2,0.01
"Clayton Keller","25-26","UTA","R",59,882.58,622,14.7,29.44,0.65,0.025,0.22,0.21,0.42,-0.22,0.015,-0.01,0.18,0.03,0.18,0.03
"Cody Ceci","25-26","L.A","D",59,905.43,608,14.32,28.62,0.27,0.013,0.19,0.18,0.22,-0.05,0.009,-0.003,0.17,0.02,0.16,0.02
"Cody Glass","25-26","N.J","C",48,597.98,525,14.3,28.44,0.34,0.013,0.21,0.2,0.31,-0.03,0.016,0.003,0.19,0.01,0.19,0.01
"Cole Caufield","25-26","MTL","R",59,854.48,596,15.01,29.98,0.66,0.029,0.25,0.24,0.44,-0.22,0.023,-0.006,0.23,0.03,0.22,0.03
"Cole Koepke","25-26","WPG","L",42,341.62,518,13.86,27.69,0.12,0.007,0.14,0.15,0.07,-0.06,0.001,-0.006,0.11,0.03,0.13,0.03
"Cole Perfetti","25-26","WPG","C",44,538.83,526,14.17,28.31,0.31,0.016,0.19,0.19,0.25,-0.06,0.015,-0.001,0.17,0.02,0.17,0.02
"Cole Reinhardt","25-26","VGK","L",41,395.53,528,13.77,27.51,0.05,-0.01,0.13,0.11,0.09,0.04,-0.012,-0.002,0.12,0.01,0.1,0.01
"Cole Schwindt","25-26","FLA","R",22,175.38,298,13.59,27.21,0.15,0.007,0.17,0.17,0,-0.16,-0.002,-0.01,0.13,0.04,0.14,0.03
"Cole Sillinger","25-26","CBJ","C",57,787.22,627,14.49,28.92,0.43,0.017,0.21,0.2,0.43,0,0.019,0.002,0.2,0.01,0.19,0.01
"Cole Smith","25-26","NSH","R",40,476.75,522,14.42,28.73,0.28,0.014,0.22,0.21,0.26,-0.02,0.014,0,0.21,0.01,0.2,0.01
"Colin Blackwell","25-26","DAL","C",48,451.5,573,13.85,27.74,0.14,0.002,0.13,0.14,0.17,0.03,0.004,0.003,0.12,0,0.13,0.01
"Colin Miller","25-26","WPG","D",15,193.27,255,14.04,27.99,0.72,0.035,0.19,0.19,0.56,-0.15,0.022,-0.013,0.14,0.04,0.15,0.03
"Collin Graf","25-26","S.J","R",56,718.1,555,14.53,28.97,0.53,0.018,0.2,0.2,0.47,-0.06,0.017,-0.001,0.18,0.02,0.18,0.01
"Colton Dach","25-26","CHI","C",53,566.45,613,13.98,27.95,0.17,0.009,0.18,0.17,0.18,0.01,0.002,-0.006,0.15,0.03,0.14,0.02
"Colton Parayko","25-26","STL","D",58,1105.78,603,14.66,29.27,0.44,0.02,0.21,0.21,0.35,-0.08,0.018,-0.002,0.19,0.02,0.2,0.01
"Colton Sissons","25-26","VGK","C",43,432.15,510,13.88,27.85,0.18,-0.004,0.15,0.13,0.15,-0.03,-0.006,-0.002,0.13,0.02,0.12,0.01
"Colton White","25-26","N.J","D",23,278.28,319,14.13,28.17,0.33,0.009,0.18,0.18,0.22,-0.1,0.012,0.003,0.17,0.01,0.16,0.01
"Connor Bedard","25-26","CHI","C",46,767.73,553,14.74,29.5,0.67,0.024,0.22,0.21,0.6,-0.07,0.022,-0.002,0.2,0.02,0.19,0.02
"Connor Brown","25-26","N.J","R",53,710.18,548,14.25,28.46,0.51,0.021,0.23,0.22,0.42,-0.09,0.019,-0.002,0.21,0.02,0.2,0.02
"Connor Clifton","25-26","PIT","D",28,409.85,396,14.17,28.33,0.44,0.018,0.18,0.17,0.39,-0.05,0.015,-0.003,0.16,0.02,0.15,0.02
"Connor Dewar","25-26","PIT","C",58,623.22,584,14.21,28.32,0.23,0.009,0.18,0.17,0.23,0,0.009,0,0.16,0.02,0.15,0.02
"Connor McDavid","25-26","EDM","C",61,1066.7,631,14.82,29.59,0.44,0.016,0.21,0.2,0.32,-0.12,0.012,-0.004,0.18,0.02,0.18,0.02
"Connor McMichael","25-26","WSH","C",58,750.92,617,14.47,28.91,0.41,0.014,0.18,0.19,0.36,-0.05,0.013,-0.001,0.16,0.01,0.18,0.02
"Connor Murphy","25-26","CHI","D",59,783.72,637,14.21,28.39,0.32,0.014,0.2,0.18,0.27,-0.05,0.009,-0.005,0.17,0.03,0.16,0.02
"Connor Zary","25-26","CGY","C",56,708.48,597,14.33,28.57,-0.06,-0.001,0.18,0.17,0.02,0.07,0,0.002,0.17,0.01,0.16,0.01
"Conor Garland","25-26","VAN","R",48,669.13,575,14.69,29.29,0.31,0.017,0.22,0.22,0.3,0,0.022,0.004,0.21,0.01,0.22,0.01
"Conor Geekie","25-26","T.B","C",6,56.48,106,14.25,28.47,0.87,0.034,0.21,0.21,0.75,-0.12,0.015,-0.019,0.14,0.07,0.16,0.05
"Conor Sheary","25-26","NYR","L",39,507.37,496,14.41,28.75,0.33,0.018,0.2,0.2,0.33,0,0.023,0.005,0.19,0.01,0.2,0
"Conor Timmins","25-26","BUF","D",33,523.55,436,14.53,29.02,0.68,0.023,0.23,0.21,0.53,-0.15,0.022,-0.002,0.2,0.02,0.19,0.02
"Corey Perry","25-26","L.A","R",48,528.03,576,14.11,28.23,0.21,0.01,0.18,0.17,0.1,-0.11,0.003,-0.006,0.15,0.03,0.14,0.03
"Curtis Douglas","25-26","T.B","C",29,172.88,370,13.07,26.28,-0.37,-0.016,0.07,0.06,-0.25,0.12,-0.022,-0.006,0.05,0.01,0.05,0.01
"Curtis Lazar","25-26","EDM","C",37,306.88,442,13.9,27.65,-0.18,-0.015,0.11,0.12,0.08,0.25,-0.002,0.013,0.12,-0.01,0.13,-0.01
"Cutter Gauthier","25-26","ANA","L",57,801.25,598,14.52,28.97,0.4,0.012,0.2,0.19,0.36,-0.04,0.011,-0.001,0.18,0.02,0.18,0.02
"Daemon Hunt","25-26","MIN","D",28,303.57,429,13.96,27.91,0.35,0.005,0.15,0.16,0.24,-0.1,0.004,-0.002,0.13,0.02,0.15,0.02
"Dakota Joshua","25-26","TOR","C",38,428.92,458,13.95,27.97,0.39,0.011,0.17,0.16,0.29,-0.1,0.01,-0.001,0.14,0.02,0.15,0.02
"Dakota Mermis","25-26","TOR","D",11,135.57,184,13.91,27.76,0.34,0.023,0.17,0.17,0.28,-0.06,0.018,-0.005,0.15,0.02,0.15,0.02
"Dalibor Dvorsky","25-26","STL","R",49,597.3,532,14.07,28.1,0.39,0.014,0.17,0.18,0.14,-0.25,0.003,-0.01,0.14,0.03,0.15,0.03
"Damon Severson","25-26","CBJ","D",57,1073.33,627,14.49,28.91,0.52,0.021,0.21,0.21,0.43,-0.09,0.019,-0.002,0.19,0.02,0.19,0.02
"Daniil but","25-26","UTA","L",28,310.68,426,14,28.01,0.42,0.014,0.17,0.16,0.27,-0.15,0.003,-0.011,0.14,0.03,0.13,0.03
"Danila Yurov","25-26","MIN","R",53,655.82,586,14.24,28.46,0.35,0.01,0.18,0.18,0.28,-0.07,0.011,0,0.17,0.01,0.16,0.01
"Dante Fabbro","25-26","CBJ","D",52,742.68,596,14.2,28.32,0.44,0.012,0.17,0.17,0.38,-0.06,0.011,-0.001,0.16,0.02,0.15,0.02
"Danton Heinen","25-26","CBJ","L",14,142.15,234,13.69,27.43,0.39,0.01,0.18,0.17,0.09,-0.31,-0.004,-0.014,0.14,0.04,0.13,0.04
"Danton Heinen","25-26","PIT","L",13,137.07,233,14.09,28.02,0.11,0.014,0.17,0.17,0.27,0.16,0.017,0.003,0.16,0.01,0.16,0
"Darnell Nurse","25-26","EDM","D",61,1160.2,632,14.38,28.72,0.17,0.003,0.18,0.16,0.24,0.07,0.005,0.002,0.16,0.02,0.15,0.01
"Darren Raddysh","25-26","T.B","D",52,891.48,568,14.62,29.21,0.48,0.016,0.21,0.21,0.32,-0.16,0.015,-0.001,0.2,0.02,0.19,0.02
"David Jiricek","25-26","MIN","D",25,279.13,408,13.78,27.57,0.04,0.001,0.15,0.12,0.02,-0.01,-0.002,-0.003,0.14,0.01,0.11,0.01
"David Kampf","25-26","VAN","C",36,477.57,480,14.48,28.93,0.22,0.017,0.23,0.23,0.3,0.09,0.016,-0.002,0.21,0.02,0.21,0.01
"David Pastrnak","25-26","BOS","R",54,864.9,595,14.71,29.43,0.59,0.025,0.21,0.22,0.33,-0.27,0.016,-0.009,0.19,0.03,0.19,0.03
"David Perron","25-26","OTT","L",49,546.48,584,14,28.01,0.18,0,0.16,0.16,0.09,-0.09,-0.005,-0.005,0.14,0.02,0.13,0.03
"David Tomasek","25-26","EDM","R",22,195.5,350,13.62,27.25,0.02,0.002,0.15,0.13,-0.05,-0.07,-0.009,-0.011,0.12,0.03,0.11,0.02
"Dawson Mercer","25-26","N.J","C",60,853.7,613,14.53,29.04,0.69,0.023,0.22,0.22,0.5,-0.18,0.025,0.002,0.2,0.01,0.2,0.02
"Declan Carlile","25-26","T.B","D",35,461.3,466,13.72,27.5,0.33,0.008,0.15,0.14,0.09,-0.24,-0.004,-0.012,0.12,0.03,0.11,0.03
"Declan Chisholm","25-26","WSH","D",24,315.4,374,14.01,27.89,0.19,0.005,0.17,0.15,0.12,-0.06,-0.002,-0.008,0.14,0.03,0.13,0.02
"Dennis Cholowski","25-26","N.J","D",15,212,255,13.98,28.07,0.28,0.005,0.17,0.16,0.25,-0.03,0.011,0.006,0.17,0,0.16,0
"Denton Mateychuk","25-26","CBJ","D",51,869.85,586,14.45,28.8,0.51,0.019,0.21,0.2,0.44,-0.07,0.017,-0.002,0.19,0.02,0.18,0.02
"Denver Barkey","25-26","PHI","C",24,277.32,351,14.44,28.81,0.33,0.004,0.19,0.19,0.36,0.02,0.009,0.005,0.18,0.01,0.18,0.01
"Devon Toews","25-26","COL","D",45,821.5,514,14.72,29.46,0.48,0.011,0.2,0.2,0.37,-0.11,0.012,0.001,0.19,0.01,0.18,0.01
"Dmitri Simashev","25-26","UTA","D",24,364.92,367,14.42,28.87,0.38,0.018,0.24,0.24,0.35,-0.03,0.015,-0.003,0.21,0.02,0.22,0.02
"Dmitri Voronkov","25-26","CBJ","L",58,689.73,627,14.44,28.82,0.68,0.025,0.21,0.2,0.41,-0.27,0.015,-0.01,0.18,0.03,0.17,0.03
"Dmitry Orlov","25-26","S.J","D",57,996.6,557,14.59,29.09,0.6,0.022,0.21,0.2,0.48,-0.12,0.016,-0.006,0.18,0.02,0.18,0.02
"Dominic James","25-26","T.B","C",43,488.35,517,13.8,27.57,0.25,0.01,0.17,0.16,0.09,-0.16,-0.001,-0.011,0.14,0.03,0.13,0.03
"Donovan Sebrango","25-26","FLA","D",19,227.12,299,13.45,26.86,0.21,0.019,0.17,0.16,0.05,-0.16,0.002,-0.017,0.13,0.04,0.12,0.04
"Dougie Hamilton","25-26","N.J","D",55,963.98,584,14.45,28.85,0.63,0.027,0.24,0.23,0.45,-0.18,0.02,-0.007,0.2,0.03,0.2,0.03
"Drake Batherson","25-26","OTT","R",56,783.17,602,14.43,28.78,0.46,0.011,0.2,0.19,0.3,-0.16,0.004,-0.007,0.18,0.03,0.16,0.03
"Drew Doughty","25-26","L.A","D",50,963.23,531,14.57,29.06,0.39,0.022,0.22,0.21,0.28,-0.11,0.019,-0.003,0.19,0.02,0.18,0.02
"Drew Helleson","25-26","ANA","D",49,764.92,564,14.35,28.71,0.49,0.013,0.19,0.19,0.3,-0.19,0.008,-0.005,0.17,0.02,0.17,0.02
"Drew O'Connor","25-26","VAN","L",59,727.85,640,14.24,28.41,0.14,0.011,0.2,0.19,0.18,0.05,0.011,0,0.18,0.02,0.17,0.01
"Dylan Cozens","25-26","OTT","C",59,790.1,627,14.31,28.58,0.46,0.015,0.19,0.19,0.28,-0.17,0.007,-0.008,0.16,0.03,0.16,0.03
"Dylan Demelo","25-26","WPG","D",58,1091.23,612,14.56,29.08,0.45,0.019,0.2,0.21,0.34,-0.11,0.017,-0.002,0.18,0.02,0.18,0.02
"Dylan Guenther","25-26","UTA","R",57,736.08,599,14.55,29.11,0.24,0.012,0.21,0.2,0.27,0.03,0.012,0,0.19,0.02,0.19,0.01
"Dylan Holloway","25-26","STL","L",36,533.53,477,14.38,28.65,-0.04,-0.006,0.16,0.14,0.08,0.12,-0.003,0.003,0.15,0.01,0.14,0
"Dylan Larkin","25-26","DET","C",60,878.25,606,14.9,29.79,0.75,0.026,0.24,0.25,0.54,-0.21,0.026,0,0.22,0.02,0.22,0.02
"Dylan McIlrath","25-26","WSH","D",11,99.42,183,13.5,26.95,0.06,0.003,0.14,0.13,-0.14,-0.2,-0.013,-0.017,0.11,0.03,0.09,0.04
"Dylan Samberg","25-26","WPG","D",42,766.93,516,14.56,29.07,0.57,0.029,0.22,0.23,0.46,-0.11,0.026,-0.003,0.19,0.03,0.21,0.02
"Dylan Strome","25-26","WSH","C",60,864,618,14.44,28.84,0.58,0.018,0.19,0.19,0.34,-0.23,0.008,-0.01,0.15,0.03,0.16,0.03
"Easton Cowan","25-26","TOR","R",44,524.2,533,14.08,28.11,0.37,0.012,0.16,0.17,0.26,-0.11,0.008,-0.004,0.14,0.02,0.15,0.02
"Eeli Tolvanen","25-26","SEA","R",58,746.45,597,14.68,29.28,0.27,0.008,0.2,0.2,0.3,0.03,0.013,0.005,0.19,0.01,0.19,0.01
"Eetu Luostarinen","25-26","FLA","C",51,666.27,533,14.84,29.73,0.77,0.027,0.27,0.27,0.58,-0.19,0.029,0.002,0.25,0.01,0.25,0.02
"Egor Zamula","25-26","CBJ","D",10,138.92,180,14.11,28.29,0.77,0.038,0.25,0.24,0.36,-0.42,0.012,-0.026,0.2,0.05,0.18,0.06
"Egor Zamula","25-26","PHI","D",13,173.65,218,14,28.01,0.86,0.027,0.2,0.17,0.56,-0.3,0.012,-0.015,0.15,0.05,0.13,0.04
"Elias Lindholm","25-26","BOS","C",46,609.4,544,14.74,29.45,0.48,0.02,0.21,0.21,0.29,-0.19,0.012,-0.007,0.18,0.03,0.18,0.03
"Elias Pettersson","25-26","VAN","C",51,710.82,611,14.76,29.47,0.44,0.019,0.24,0.23,0.41,-0.02,0.023,0.004,0.22,0.01,0.22,0.01
"Elias Pettersson (D)","25-26","VAN","D",49,652.48,586,14.19,28.29,0.21,0.012,0.2,0.19,0.2,-0.01,0.011,-0.002,0.18,0.02,0.17,0.02
"Elias Salomonsson","25-26","WPG","D",15,238.38,238,14.37,28.85,0.52,0.019,0.18,0.2,0.41,-0.11,0.017,-0.002,0.16,0.02,0.17,0.02
"Elmer Soderblom","25-26","DET","L",39,408.22,502,13.66,27.4,0.18,-0.001,0.16,0.16,0.2,0.02,-0.002,-0.001,0.14,0.02,0.14,0.01
"Emil Andrae","25-26","PHI","D",42,668.52,480,14.1,28.2,0.54,0.019,0.19,0.19,0.27,-0.27,0.01,-0.009,0.16,0.03,0.16,0.03
"Emil Heineman","25-26","NYI","L",60,829.35,612,14.8,29.53,0.59,0.022,0.23,0.23,0.45,-0.14,0.02,-0.002,0.2,0.02,0.21,0.02
"Emil Martinsen Lilleberg","25-26","T.B","D",34,517.45,450,14.2,28.31,0.19,0.007,0.16,0.16,0.18,-0.01,0.003,-0.003,0.14,0.02,0.14,0.02
"Emmitt Finnie","25-26","DET","C",60,781.22,606,14.73,29.43,0.62,0.018,0.22,0.22,0.48,-0.14,0.021,0.003,0.2,0.01,0.21,0.02
"Eric Robinson","25-26","CAR","L",46,479.08,530,13.76,27.57,0.13,0.003,0.12,0.14,0.1,-0.02,-0.004,-0.008,0.1,0.02,0.11,0.03
"Erik Cernak","25-26","T.B","D",39,589.83,488,14.46,29.01,0.51,0.019,0.22,0.22,0.42,-0.08,0.02,0.001,0.21,0.01,0.21,0.02
"Erik Gudbranson","25-26","CBJ","D",16,227.47,256,14.19,28.39,0.05,0.005,0.17,0.16,-0.06,-0.11,0.004,-0.001,0.15,0.02,0.14,0.02
"Erik Haula","25-26","NSH","L",59,753.37,612,14.43,28.85,0.41,0.015,0.2,0.19,0.31,-0.09,0.011,-0.004,0.18,0.02,0.17,0.02
"Erik Karlsson","25-26","PIT","D",53,939.2,575,14.59,29.1,0.38,0.014,0.21,0.2,0.3,-0.08,0.013,-0.001,0.19,0.02,0.18,0.02
"Esa Lindell","25-26","DAL","D",59,1093.7,628,14.64,29.31,0.59,0.018,0.21,0.22,0.45,-0.14,0.02,0.002,0.2,0.01,0.2,0.01
"Ethan Cardwell","25-26","S.J","R",7,79.85,126,13.95,27.88,-0.29,-0.018,0.11,0.09,-0.13,0.16,-0.022,-0.004,0.1,0.01,0.08,0.01
"Ethen Frank","25-26","WSH","C",51,559.73,532,13.96,27.87,0.23,0.006,0.15,0.16,0.17,-0.05,0.004,-0.003,0.14,0.02,0.14,0.02
"Evan Bouchard","25-26","EDM","D",61,1123.43,632,14.7,29.35,0.29,0.01,0.19,0.19,0.27,-0.02,0.008,-0.001,0.17,0.02,0.17,0.02
"Evan Rodrigues","25-26","FLA","C",58,776.42,608,14.32,28.64,0.5,0.018,0.21,0.21,0.37,-0.13,0.016,-0.002,0.2,0.02,0.19,0.02
"Evander Kane","25-26","VAN","L",58,841.77,638,14.45,28.84,0.11,0.006,0.19,0.19,0.17,0.06,0.01,0.004,0.18,0.01,0.18,0.01
"Evgeni Malkin","25-26","PIT","C",43,605.57,478,14.53,28.95,0.17,0.002,0.16,0.16,0.22,0.06,0.004,0.002,0.15,0.01,0.15,0.01
"Evgeny Dadonov","25-26","N.J","L",17,171.32,259,14.18,28.33,0.6,0.017,0.19,0.17,0.3,-0.3,0.01,-0.007,0.15,0.03,0.14,0.04
"Fabian Zetterlund","25-26","OTT","L",59,714.68,626,14.21,28.4,0.33,0.012,0.19,0.18,0.27,-0.07,0.007,-0.005,0.17,0.03,0.16,0.03
"Fedor Svechkov","25-26","NSH","C",49,548.28,555,14,27.95,0.31,0.011,0.17,0.16,0.24,-0.06,0.004,-0.006,0.16,0.02,0.14,0.02
"Filip Chytil","25-26","VAN","C",12,159.82,213,14.51,28.92,0.12,0.011,0.21,0.19,0.07,-0.05,0.01,-0.001,0.19,0.02,0.17,0.02
"Filip Forsberg","25-26","NSH","L",59,889.2,611,14.76,29.51,0.56,0.026,0.22,0.22,0.47,-0.1,0.024,-0.002,0.2,0.02,0.2,0.02
"Filip Hallander","25-26","PIT","C",13,153.77,234,14.35,28.65,-0.1,-0.001,0.18,0.17,0.07,0.17,-0.004,-0.003,0.16,0.01,0.15,0.01
"Filip Hronek","25-26","VAN","D",59,1163.33,641,14.55,29.04,0.31,0.016,0.22,0.21,0.32,0.01,0.018,0.002,0.2,0.02,0.2,0.01
"Frank Nazar","25-26","CHI","C",43,584.32,516,14.52,29.02,0.47,0.017,0.21,0.19,0.46,0,0.016,-0.002,0.19,0.02,0.18,0.02
"Frank Vatrano","25-26","ANA","R",38,398.83,490,14.12,28.2,0.07,-0.004,0.16,0.14,0.11,0.04,-0.002,0.002,0.14,0.02,0.13,0.02
"Fraser Minten","25-26","BOS","C",59,728.33,619,14.25,28.49,0.33,0.013,0.17,0.17,0.24,-0.09,0.01,-0.003,0.16,0.01,0.16,0.02
"Frederick Gaudreau","25-26","SEA","C",46,616.58,529,14.45,28.85,0.24,0.009,0.18,0.19,0.32,0.09,0.014,0.005,0.17,0.01,0.18,0.01
"Gabe Perreault","25-26","NYR","R",26,362.68,339,14.54,29.14,0.74,0.02,0.24,0.23,0.52,-0.22,0.024,0.003,0.23,0.01,0.22,0.02
"Gabriel Landeskog","25-26","COL","L",44,574.35,496,14.55,29.08,0.39,0.008,0.19,0.18,0.3,-0.08,0.009,0,0.18,0.01,0.17,0.01
"Gabriel Vilardi","25-26","WPG","C",58,866.45,612,14.64,29.24,0.52,0.018,0.2,0.2,0.36,-0.17,0.012,-0.005,0.17,0.02,0.18,0.03
"Gage Goncalves","25-26","T.B","C",54,594.82,589,14.09,28.21,0.35,0.013,0.18,0.17,0.23,-0.12,0.004,-0.009,0.15,0.03,0.14,0.03
"Garnet Hathaway","25-26","PHI","R",50,447.2,542,13.66,27.34,0.31,0.015,0.18,0.16,0.17,-0.14,0.005,-0.011,0.15,0.03,0.13,0.03
"Gavin Brindley","25-26","COL","C",45,392.15,551,13.95,27.97,0.26,0.009,0.15,0.16,0.24,-0.02,0.005,-0.004,0.13,0.02,0.14,0.02
"Gustav Forsling","25-26","FLA","D",59,1086.52,612,14.73,29.47,0.64,0.024,0.25,0.24,0.51,-0.13,0.026,0.001,0.23,0.02,0.23,0.01
"Gustav Nyquist","25-26","WPG","R",37,382.33,498,14.12,28.22,0.31,0.02,0.19,0.19,0.23,-0.08,0.01,-0.01,0.15,0.04,0.15,0.03
"Hampus Lindholm","25-26","BOS","D",45,759.38,557,14.53,29.04,0.49,0.021,0.21,0.21,0.28,-0.21,0.016,-0.005,0.18,0.03,0.19,0.02
"Harrison Brunicke","25-26","PIT","D",9,136.08,145,14.03,28.06,-0.2,-0.017,0.12,0.1,-0.09,0.1,-0.022,-0.005,0.1,0.01,0.09,0.01
"Hayden Hodgson","25-26","OTT","R",9,56.8,130,13.52,26.88,-0.17,-0.001,0.11,0.12,-0.2,-0.03,-0.018,-0.016,0.08,0.03,0.09,0.03
"Haydn Fleury","25-26","WPG","D",17,200.83,269,14.23,28.5,0.36,0.01,0.18,0.16,0.25,-0.11,0.003,-0.007,0.15,0.03,0.14,0.02
"Hendrix Lapierre","25-26","WSH","C",57,470.17,598,13.74,27.47,-0.01,-0.002,0.12,0.12,-0.02,-0.01,-0.007,-0.005,0.1,0.02,0.11,0.02
"Henri Jokiharju","25-26","BOS","D",35,565.55,425,14.36,28.72,0.48,0.015,0.2,0.19,0.37,-0.11,0.009,-0.006,0.17,0.02,0.17,0.02
"Henry Thrun","25-26","TOR","D",4,57.62,72,13.6,27.39,-0.31,-0.022,0.12,0.15,-0.43,-0.12,-0.016,0.007,0.1,0.02,0.14,0
"Hunter Brzustewicz","25-26","CGY","D",18,235.58,290,13.76,27.39,-0.13,-0.004,0.14,0.14,-0.11,0.02,-0.008,-0.004,0.1,0.03,0.11,0.03
"Ian Cole","25-26","UTA","D",59,872.68,624,14.06,28.14,0.21,0.009,0.18,0.17,0.21,0,0.003,-0.006,0.16,0.03,0.15,0.02
"Ian Moore","25-26","ANA","D",43,583.93,503,14.18,28.29,0.21,0.012,0.19,0.17,0.21,0,0.005,-0.007,0.16,0.03,0.15,0.03
"Igor Chernyshov","25-26","S.J","L",15,213.27,239,14.69,29.23,0.43,0.028,0.2,0.2,0.29,-0.15,0.014,-0.014,0.16,0.04,0.16,0.04
"Ilya Lyubushkin","25-26","DAL","D",41,589.72,495,14.15,28.43,0.51,0.015,0.18,0.18,0.38,-0.14,0.014,-0.002,0.17,0.01,0.17,0.01
"Ilya Mikheyev","25-26","CHI","R",54,783.17,623,14.68,29.33,0.55,0.022,0.23,0.22,0.53,-0.02,0.024,0.002,0.21,0.02,0.21,0.01
"Ilya Solovyov","25-26","COL","D",16,181.58,256,13.92,27.94,0.67,0.025,0.19,0.19,0.47,-0.2,0.013,-0.011,0.16,0.03,0.16,0.03
"Ilya Solovyov","25-26","PIT","D",5,66.52,90,14.09,28.18,-0.25,-0.021,0.16,0.13,-0.35,-0.1,-0.021,-0.001,0.14,0.02,0.11,0.02
"Isaac Howard","25-26","EDM","L",28,273.38,399,13.81,27.58,-0.25,-0.011,0.11,0.09,-0.1,0.14,-0.012,0,0.1,0.01,0.09,0
"Isac Lundestrom","25-26","CBJ","C",44,468.62,556,14.08,28.06,0.24,0.011,0.17,0.17,0.24,0,0.009,-0.002,0.15,0.02,0.15,0.02
"Isak Rosen","25-26","BUF","R",16,165.55,255,14.06,28.16,0.77,0.024,0.2,0.19,0.42,-0.35,0.023,-0.001,0.17,0.02,0.17,0.02
"Ivan Barbashev","25-26","VGK","L",59,892.15,596,14.72,29.48,0.57,0.018,0.22,0.22,0.45,-0.12,0.014,-0.004,0.2,0.02,0.2,0.02
"Ivan Demidov","25-26","MTL","R",59,713.62,600,14.42,28.83,0.37,0.016,0.2,0.19,0.25,-0.12,0.01,-0.006,0.17,0.03,0.16,0.03
"Ivan Ivan","25-26","COL","C",7,52.45,123,13.53,27.21,-0.08,0.022,0.2,0.2,-0.04,0.03,0.002,-0.02,0.13,0.07,0.14,0.06
"Ivan Provorov","25-26","CBJ","D",58,1180.07,629,14.52,28.97,0.55,0.022,0.21,0.21,0.42,-0.13,0.019,-0.003,0.19,0.02,0.18,0.02
"J.T. Compher","25-26","DET","L",60,762.18,609,14.23,28.42,0.42,0.01,0.2,0.19,0.38,-0.04,0.012,0.002,0.18,0.01,0.17,0.01
"J.T. Miller","25-26","NYR","C",50,750.85,547,14.81,29.55,0.69,0.023,0.24,0.25,0.56,-0.13,0.026,0.004,0.23,0.01,0.24,0.01
"Jaccob Slavin","25-26","CAR","D",19,322.4,262,14.72,29.57,0.82,0.034,0.24,0.22,0.48,-0.34,0.02,-0.014,0.2,0.04,0.19,0.04
"Jack Ahcan","25-26","COL","D",9,102.37,131,13.91,27.61,-0.36,-0.015,0.1,0.1,-0.18,0.19,-0.015,0,0.09,0.01,0.08,0.02
"Jack Devine","25-26","FLA","R",6,50.05,108,13.57,26.9,-0.75,-0.023,0.04,0.05,-0.42,0.33,-0.029,-0.006,0.03,0.01,0.04,0.01
"Jack Drury","25-26","COL","C",58,710.37,593,14.06,28.15,0.12,0.004,0.17,0.16,0.15,0.03,0.004,0,0.15,0.01,0.15,0.01
"Jack Eichel","25-26","VGK","C",51,800.43,564,14.8,29.65,0.58,0.018,0.23,0.23,0.46,-0.13,0.015,-0.003,0.21,0.02,0.21,0.02
"Jack Finley","25-26","T.B","C",22,176.48,336,13.34,26.68,-0.19,-0.009,0.13,0.12,-0.3,-0.11,-0.024,-0.015,0.08,0.05,0.08,0.04
"Jack Hughes","25-26","N.J","C",39,650.47,468,14.58,29.1,0.61,0.019,0.22,0.22,0.49,-0.12,0.021,0.002,0.2,0.02,0.2,0.02
"Jack McBain","25-26","UTA","C",59,696.08,623,14.17,28.36,0.21,0.007,0.19,0.18,0.26,0.05,0.005,-0.002,0.17,0.01,0.16,0.01
"Jack Quinn","25-26","BUF","R",60,789.18,602,14.32,28.66,0.55,0.019,0.19,0.19,0.39,-0.16,0.015,-0.004,0.17,0.02,0.17,0.02
"Jack Roslovic","25-26","EDM","C",48,714.4,601,14.38,28.73,0.18,0.005,0.17,0.17,0.26,0.09,0.008,0.003,0.16,0.01,0.16,0.01
"Jack St. Ivany","25-26","PIT","D",17,241.72,242,14.15,28.1,0.48,0.015,0.17,0.17,0.32,-0.16,0.01,-0.005,0.15,0.03,0.14,0.03
"Jack Studnicka","25-26","FLA","C",18,122.58,271,13.4,26.87,0.64,0.024,0.21,0.18,0.24,-0.41,0.001,-0.023,0.15,0.07,0.12,0.06
"Jackson Blake","25-26","CAR","R",59,818.8,621,14.19,28.42,0.24,0.012,0.18,0.17,0.17,-0.07,0.003,-0.009,0.15,0.03,0.15,0.03
"Jackson Lacombe","25-26","ANA","D",58,1065.92,602,14.64,29.2,0.42,0.013,0.21,0.21,0.36,-0.05,0.013,0,0.19,0.02,0.19,0.02
"Jacob Bernard-Docker","25-26","DET","D",44,593.9,502,14.29,28.59,0.73,0.024,0.23,0.22,0.54,-0.19,0.02,-0.004,0.21,0.02,0.2,0.02
"Jacob Bryson","25-26","BUF","D",35,344.22,431,13.79,27.58,0.57,0.015,0.15,0.16,0.29,-0.27,0.001,-0.014,0.11,0.04,0.12,0.04
"Jacob Melanson","25-26","SEA","R",24,229.77,330,13.9,27.72,0.09,-0.002,0.12,0.14,0.28,0.19,0.001,0.003,0.11,0.01,0.13,0.01
"Jacob Middleton","25-26","MIN","D",53,839.07,573,14.39,28.72,0.4,0.012,0.17,0.18,0.32,-0.09,0.016,0.004,0.17,0,0.17,0.01
"Jacob Moverare","25-26","L.A","D",15,131.33,222,13.87,27.83,-0.29,-0.011,0.13,0.12,-0.03,0.26,-0.006,0.005,0.13,0,0.12,0
"Jacob Trouba","25-26","ANA","D",57,1059.13,583,14.51,28.96,0.38,0.012,0.2,0.19,0.35,-0.03,0.01,-0.001,0.18,0.02,0.17,0.02
"Jaden Schwartz","25-26","SEA","L",39,519.43,466,14.63,29.13,0.3,0.011,0.2,0.21,0.25,-0.04,0.014,0.003,0.19,0.01,0.19,0.01
"Jake Bean","25-26","CGY","D",16,246.13,258,14.05,28.02,-0.24,-0.006,0.15,0.14,-0.09,0.15,-0.004,0.002,0.15,0,0.13,0.01
"Jake Christiansen","25-26","CBJ","D",32,319.57,430,13.76,27.48,-0.07,-0.004,0.14,0.14,-0.08,-0.01,-0.009,-0.005,0.12,0.02,0.12,0.02
"Jake Debrusk","25-26","VAN","L",58,714.78,640,14.54,29.03,0.32,0.017,0.22,0.21,0.35,0.03,0.017,0,0.2,0.02,0.19,0.01
"Jake Evans","25-26","MTL","C",45,525.18,524,14.38,28.65,0.3,0.016,0.21,0.2,0.25,-0.05,0.009,-0.007,0.17,0.03,0.17,0.03
"Jake Guentzel","25-26","T.B","C",58,819.42,599,14.48,28.97,0.53,0.019,0.19,0.19,0.38,-0.15,0.015,-0.005,0.17,0.02,0.16,0.02
"Jake McCabe","25-26","TOR","D",58,1106.23,627,14.67,29.32,0.69,0.028,0.23,0.23,0.54,-0.15,0.028,-0.001,0.21,0.02,0.21,0.02
"Jake Neighbours","25-26","STL","L",46,600.7,515,14.59,29.22,0.64,0.025,0.22,0.23,0.34,-0.3,0.015,-0.01,0.19,0.03,0.2,0.03
"Jake Sanderson","25-26","OTT","D",59,1047.53,627,14.75,29.46,0.44,0.015,0.22,0.22,0.4,-0.04,0.017,0.002,0.21,0.01,0.21,0.01
"Jake Walman","25-26","EDM","D",32,568.42,482,14.38,28.74,0.25,0.009,0.19,0.18,0.34,0.09,0.015,0.005,0.18,0.01,0.18,0
"Jakob Chychrun","25-26","WSH","D",60,1163.27,622,14.39,28.73,0.44,0.013,0.17,0.18,0.31,-0.13,0.008,-0.005,0.15,0.02,0.16,0.02
"Jalen Chatfield","25-26","CAR","D",52,903.88,572,14.59,29.22,0.57,0.023,0.21,0.21,0.37,-0.2,0.015,-0.008,0.19,0.03,0.18,0.03
"James Van Riemsdyk","25-26","DET","L",51,514.75,587,13.98,27.97,0.27,0.004,0.18,0.16,0.24,-0.03,0.003,0,0.16,0.01,0.15,0.01
"Jamie Benn","25-26","DAL","L",37,424.77,509,14.39,28.77,0.18,0.001,0.18,0.18,0.15,-0.03,0.004,0.003,0.17,0.02,0.16,0.02
"Jamie Drysdale","25-26","PHI","D",56,1048.38,604,14.3,28.62,0.6,0.02,0.2,0.19,0.41,-0.2,0.015,-0.005,0.17,0.02,0.17,0.02
"Jamie Oleksiak","25-26","SEA","D",57,858.98,597,14.18,28.32,0.12,0.003,0.16,0.17,0.14,0.03,0.004,0.001,0.15,0.02,0.16,0.01
"Jani Nyman","25-26","SEA","R",24,233.48,358,13.81,27.63,-0.22,-0.004,0.15,0.15,-0.02,0.19,-0.001,0.003,0.15,0,0.15,0
"Janis Moser","25-26","T.B","D",56,1045.68,579,14.65,29.32,0.6,0.021,0.22,0.22,0.47,-0.13,0.023,0.002,0.21,0.01,0.2,0.02
"Jansen Harkins","25-26","ANA","C",33,320.2,396,14.04,28.01,0.16,0.003,0.17,0.16,0.11,-0.05,-0.002,-0.006,0.15,0.02,0.14,0.02
"Jared Davidson","25-26","MTL","C",10,86.97,166,13.72,27.38,0.22,0.012,0.18,0.21,0.18,-0.03,0.013,0,0.16,0.02,0.19,0.01
"Jared McCann","25-26","SEA","L",35,450.38,443,14.64,29.1,0.36,0.021,0.21,0.21,0.33,-0.03,0.017,-0.004,0.19,0.03,0.18,0.03
"Jared Spurgeon","25-26","MIN","D",60,978.72,619,14.48,28.95,0.5,0.018,0.19,0.2,0.39,-0.11,0.02,0.002,0.18,0.01,0.19,0.01
"Jason Dickinson","25-26","CHI","C",45,596.28,527,14.78,29.56,0.61,0.031,0.25,0.24,0.52,-0.09,0.03,-0.001,0.23,0.02,0.22,0.02
"Jason Robertson","25-26","DAL","L",59,913.77,628,14.63,29.28,0.54,0.017,0.21,0.2,0.4,-0.14,0.016,0,0.19,0.01,0.19,0.02
"Jason Zucker","25-26","BUF","L",41,500.45,481,14.35,28.75,0.58,0.018,0.19,0.2,0.46,-0.12,0.015,-0.004,0.17,0.02,0.18,0.02
"Jayden Struble","25-26","MTL","D",40,550.72,515,14.07,28.11,0.36,0.016,0.17,0.17,0.12,-0.23,0.003,-0.013,0.13,0.03,0.14,0.03
"Jean-Gabriel Pageau","25-26","NYI","C",52,635.27,583,14.43,28.73,0.43,0.018,0.21,0.2,0.39,-0.04,0.018,-0.001,0.18,0.02,0.18,0.02
"Jeff Malott","25-26","L.A","L",42,377.95,481,14,27.89,0.06,0.011,0.17,0.17,0.02,-0.04,0.004,-0.007,0.14,0.03,0.14,0.03
"Jeff Petry","25-26","FLA","D",57,757.4,592,13.74,27.5,0.3,0.012,0.17,0.15,0.11,-0.18,-0.001,-0.013,0.13,0.03,0.12,0.03
"Jeff Skinner","25-26","S.J","L",32,334.62,409,14.18,28.17,0.37,0.012,0.17,0.15,0.33,-0.04,0.006,-0.007,0.14,0.03,0.13,0.02
"Jeffrey Viel","25-26","ANA","L",11,143.67,165,14.59,28.87,0.12,-0.001,0.17,0.18,0.31,0.19,0.009,0.01,0.17,-0.01,0.17,0
"Jeffrey Viel","25-26","BOS","L",10,93.97,148,14.01,27.97,-0.08,-0.002,0.15,0.16,0.22,0.29,0.001,0.003,0.15,0,0.15,0.01
"Jeremy Lauzon","25-26","VGK","D",45,717.7,530,14.3,28.66,0.44,0.009,0.18,0.17,0.42,-0.03,0.007,-0.001,0.17,0.01,0.16,0.01
"Jesper Boqvist","25-26","FLA","C",51,508.55,576,13.96,27.92,0.49,0.014,0.18,0.17,0.28,-0.21,0.006,-0.008,0.15,0.03,0.14,0.03
"Jesper Bratt","25-26","N.J","L",60,852.3,612,14.65,29.27,0.77,0.03,0.24,0.24,0.49,-0.28,0.024,-0.007,0.21,0.03,0.21,0.03
"Jesperi Kotkaniemi","25-26","CAR","C",36,378.43,473,13.49,27.06,0.04,-0.002,0.13,0.12,0.04,0,-0.013,-0.011,0.1,0.03,0.1,0.03
"Jimmy Snuggerud","25-26","STL","R",47,639,550,14.51,28.9,0.38,0.02,0.2,0.2,0.25,-0.13,0.014,-0.005,0.18,0.02,0.18,0.02
"Jiri Kulich","25-26","BUF","C",12,170.55,184,14.44,28.99,0.52,0.02,0.26,0.23,0.68,0.16,0.018,-0.003,0.23,0.03,0.21,0.02
"Jj Peterka","25-26","UTA","R",59,822.97,623,14.47,28.97,0.34,0.012,0.2,0.19,0.26,-0.08,0.007,-0.005,0.18,0.02,0.17,0.02
"Joe Veleno","25-26","MTL","C",49,515.28,550,13.92,27.83,0.25,0.012,0.17,0.16,0.12,-0.13,0.001,-0.011,0.13,0.04,0.13,0.03
"Joel Armia","25-26","L.A","R",53,621.23,586,14.44,28.88,0.34,0.016,0.21,0.2,0.28,-0.06,0.015,-0.001,0.19,0.02,0.18,0.02
"Joel Edmundson","25-26","L.A","D",59,903.88,608,14.41,28.79,0.3,0.013,0.2,0.19,0.24,-0.06,0.012,-0.002,0.18,0.02,0.17,0.02
"Joel Eriksson Ek","25-26","MIN","C",54,726.88,585,14.86,29.73,0.76,0.026,0.22,0.24,0.59,-0.17,0.031,0.005,0.22,0,0.23,0.01
"Joel Farabee","25-26","CGY","L",58,773.32,614,14.4,28.71,0.06,0.006,0.19,0.18,0.12,0.06,0.007,0.001,0.18,0.01,0.16,0.01
"Joel Hanley","25-26","CGY","D",55,732.37,610,13.96,27.8,0.04,0.009,0.17,0.16,0.04,0,0.003,-0.006,0.14,0.03,0.14,0.03
"Joel Kiviranta","25-26","COL","L",30,260.58,378,13.88,27.81,-0.05,0.006,0.15,0.16,-0.02,0.02,-0.001,-0.006,0.12,0.03,0.14,0.02
"Joel Nystrom","25-26","CAR","D",37,515.78,482,13.99,27.92,0.08,0.006,0.16,0.15,0.1,0.02,-0.002,-0.008,0.13,0.03,0.12,0.03
"John Beecher","25-26","BOS","C",6,53.53,89,13.83,27.96,1.76,0.057,0.28,0.24,1.28,-0.48,0.047,-0.01,0.26,0.02,0.22,0.02
"John Beecher","25-26","CGY","C",21,170.72,320,13.66,27.36,0.12,0.004,0.16,0.17,0.06,-0.06,-0.003,-0.007,0.13,0.03,0.14,0.03
"John Carlson","25-26","WSH","D",55,929.03,593,14.49,28.96,0.48,0.016,0.18,0.2,0.34,-0.14,0.013,-0.003,0.16,0.02,0.17,0.02
"John Klingberg","25-26","S.J","D",43,738.5,461,14.54,28.96,0.49,0.015,0.18,0.18,0.4,-0.09,0.011,-0.004,0.16,0.02,0.16,0.02
"John Leonard","25-26","DET","L",9,95.47,143,14.01,28.09,0.81,0.035,0.24,0.25,0.62,-0.19,0.037,0.003,0.22,0.02,0.24,0.02
"John Marino","25-26","UTA","D",59,1069.27,624,14.45,28.93,0.39,0.014,0.2,0.2,0.34,-0.04,0.011,-0.003,0.18,0.02,0.18,0.02
"John Tavares","25-26","TOR","C",60,865.93,631,14.51,29.01,0.59,0.024,0.21,0.2,0.43,-0.16,0.018,-0.006,0.18,0.03,0.17,0.03
"Johnathan Kovacevic","25-26","N.J","D",13,200.57,219,14.69,29.24,0.73,0.025,0.22,0.22,0.5,-0.23,0.025,-0.001,0.19,0.03,0.2,0.02
"Jonah Gadjovich","25-26","FLA","L",10,79.02,163,13.59,27.05,-0.14,0,0.12,0.1,-0.22,-0.08,-0.02,-0.02,0.07,0.05,0.06,0.04
"Jonas Brodin","25-26","MIN","D",42,793.2,472,14.63,29.2,0.58,0.019,0.2,0.2,0.45,-0.13,0.022,0.003,0.19,0.01,0.19,0.01
"Jonas Siegenthaler","25-26","N.J","D",60,1065.28,613,14.42,28.8,0.62,0.024,0.22,0.22,0.45,-0.17,0.022,-0.002,0.2,0.02,0.2,0.02
"Jonatan Berggren","25-26","DET","R",15,164.37,212,14.12,28.01,0.04,0.003,0.15,0.16,0.05,0.01,0,-0.003,0.13,0.02,0.14,0.02
"Jonatan Berggren","25-26","STL","R",22,286.92,303,14.38,28.76,0.79,0.032,0.22,0.22,0.37,-0.42,0.014,-0.018,0.17,0.05,0.18,0.04
"Jonathan Aspirot","25-26","BOS","D",39,600.22,507,14.44,28.75,0.23,0.009,0.16,0.17,0.16,-0.07,0.005,-0.004,0.14,0.02,0.15,0.02
"Jonathan Drouin","25-26","NYI","L",53,727.77,567,14.78,29.44,0.48,0.021,0.21,0.22,0.39,-0.09,0.019,-0.002,0.19,0.03,0.2,0.02
"Jonathan Huberdeau","25-26","CGY","L",50,682.12,595,14.45,28.83,0.16,0.01,0.2,0.19,0.2,0.04,0.012,0.002,0.19,0.01,0.18,0.01
"Jonathan Lekkerimaki","25-26","VAN","R",13,127.23,215,14.06,28.07,0.53,0.026,0.24,0.21,0.54,0.02,0.015,-0.011,0.2,0.04,0.17,0.03
"Jonathan Marchessault","25-26","NSH","R",40,530.02,504,14.34,28.74,0.61,0.029,0.22,0.2,0.45,-0.16,0.017,-0.012,0.19,0.03,0.17,0.03
"Jonathan Toews","25-26","WPG","C",58,731.05,612,14.13,28.23,0.23,0.01,0.18,0.17,0.21,-0.02,0.008,-0.002,0.16,0.02,0.15,0.02
"Jonny Brodzinski","25-26","NYR","C",39,408.87,452,13.9,27.8,0.85,0.034,0.23,0.22,0.5,-0.34,0.023,-0.011,0.18,0.04,0.18,0.04
"Joona Koppanen","25-26","PIT","L",10,105.37,162,14.03,27.87,-0.11,0.005,0.15,0.13,0.11,0.22,0.01,0.005,0.13,0.02,0.13,0
"Jordan Eberle","25-26","SEA","R",57,854.65,579,14.64,29.22,0.23,0.014,0.2,0.21,0.23,0,0.015,0,0.19,0.02,0.19,0.02
"Jordan Greenway","25-26","BUF","L",33,347.88,468,14.24,28.54,0.37,0.013,0.19,0.18,0.28,-0.1,0.015,0.003,0.17,0.02,0.17,0.01
"Jordan Harris","25-26","BOS","D",5,68.17,90,13.96,28.3,0.97,0.034,0.14,0.2,0.58,-0.39,0.024,-0.01,0.14,0.01,0.18,0.03
"Jordan Kyrou","25-26","STL","R",49,656.28,583,14.51,28.91,0.47,0.015,0.2,0.2,0.28,-0.19,0.008,-0.007,0.18,0.02,0.17,0.02
"Jordan Martinook","25-26","CAR","L",56,686.87,608,14.59,29.15,0.47,0.02,0.21,0.21,0.41,-0.07,0.015,-0.004,0.19,0.02,0.19,0.02
"Jordan Spence","25-26","OTT","D",50,804.33,578,14.14,28.19,0.29,0.008,0.18,0.16,0.19,-0.1,-0.001,-0.009,0.14,0.03,0.13,0.03
"Jordan Staal","25-26","CAR","C",56,716.6,610,14.6,29.22,0.53,0.022,0.21,0.21,0.45,-0.08,0.017,-0.005,0.19,0.02,0.19,0.02
"Josh Anderson","25-26","MTL","R",53,606.1,575,14.19,28.34,0.37,0.023,0.21,0.2,0.26,-0.11,0.014,-0.009,0.18,0.04,0.17,0.03
"Josh Doan","25-26","BUF","R",60,763.77,601,14.45,28.92,0.63,0.021,0.2,0.21,0.42,-0.22,0.017,-0.005,0.17,0.03,0.18,0.03
"Josh Dunne","25-26","BUF","C",30,280.52,403,13.95,27.91,0.55,0.019,0.17,0.18,0.4,-0.15,0.011,-0.009,0.14,0.03,0.15,0.03
"Josh Mahura","25-26","SEA","D",21,291.95,334,14.1,28.18,-0.09,0.004,0.16,0.17,0.05,0.15,0.002,-0.002,0.15,0.01,0.16,0.01
"Josh Manson","25-26","COL","D",58,910.13,593,14.36,28.74,0.37,0.013,0.19,0.19,0.29,-0.08,0.01,-0.003,0.17,0.02,0.17,0.02
"Josh Morrissey","25-26","WPG","D",56,1110.82,605,14.59,29.13,0.52,0.023,0.21,0.21,0.34,-0.17,0.017,-0.006,0.18,0.03,0.19,0.03
"Josh Norris","25-26","BUF","C",22,266.2,303,14.61,29.3,0.47,0.014,0.18,0.19,0.2,-0.26,0.002,-0.013,0.14,0.04,0.15,0.04
"Juho Lammikko","25-26","N.J","C",24,235.02,353,13.81,27.68,0.47,0.016,0.19,0.19,0.35,-0.12,0.014,-0.002,0.17,0.02,0.17,0.02
"Juraj Slafkovsky","25-26","MTL","L",59,835.47,599,14.73,29.45,0.47,0.02,0.22,0.21,0.33,-0.15,0.016,-0.004,0.2,0.02,0.19,0.02
"Justin Barron","25-26","NSH","D",32,420.87,453,14.1,28.16,0.22,0.011,0.17,0.17,0.09,-0.13,0.002,-0.009,0.15,0.02,0.14,0.03
"Justin Brazeau","25-26","PIT","R",44,513.97,511,14.27,28.49,0.21,0.004,0.18,0.17,0.22,0,0.003,-0.001,0.16,0.02,0.15,0.02
"Justin Faulk","25-26","STL","D",59,1070.02,608,14.37,28.69,0.37,0.012,0.18,0.18,0.23,-0.13,0.008,-0.004,0.17,0.02,0.17,0.02
"Justin Hryckowian","25-26","DAL","C",58,625.2,626,14.05,28.13,0.16,0.005,0.16,0.17,0.19,0.03,0.009,0.003,0.15,0.01,0.16,0.01
"Justin Kirkland","25-26","CGY","C",20,163.35,325,13.82,27.53,-0.02,0.001,0.16,0.14,0.08,0.1,0.005,0.004,0.14,0.01,0.12,0.02
"Justin Sourdif","25-26","WSH","R",58,768.97,599,14.51,28.92,0.39,0.01,0.17,0.18,0.37,-0.01,0.013,0.004,0.16,0.01,0.17,0.01
"Juuso Parssinen","25-26","NYR","C",14,124.07,251,13.96,27.71,-0.12,-0.005,0.14,0.14,0.03,0.15,0,0.005,0.13,0.01,0.14,0
"K'Andre Miller","25-26","CAR","D",51,977.9,587,14.62,29.31,0.45,0.021,0.2,0.2,0.41,-0.04,0.02,-0.001,0.18,0.02,0.19,0.02
"Kaapo Kakko","25-26","SEA","R",42,527.53,511,14.41,28.73,0.32,0.013,0.19,0.18,0.32,0,0.011,-0.002,0.16,0.03,0.15,0.02
"Kaedan Korczak","25-26","VGK","D",59,948.62,597,14.21,28.45,0.34,0.008,0.18,0.17,0.3,-0.05,0.005,-0.003,0.16,0.02,0.15,0.02
"Kaiden Guhle","25-26","MTL","D",19,326.78,278,14.68,29.3,0.21,0.009,0.24,0.2,0.35,0.14,0.014,0.004,0.23,0.01,0.19,0.01
"Kailer Yamamoto","25-26","UTA","R",37,399.37,503,14.04,28.16,0.18,0.011,0.19,0.19,0.19,0,0.005,-0.006,0.16,0.03,0.17,0.02
"Kasperi Kapanen","25-26","EDM","R",20,272.43,282,14.43,28.85,0.1,-0.009,0.15,0.13,0.22,0.12,-0.001,0.009,0.13,0.01,0.12,0.01
"Keegan Kolesar","25-26","VGK","R",59,644.95,597,14.01,28.05,0.21,0.003,0.17,0.15,0.2,-0.01,0,-0.003,0.15,0.02,0.14,0.02
"Kent Johnson","25-26","CBJ","C",56,651.73,609,14.33,28.62,0.41,0.018,0.21,0.2,0.41,-0.01,0.016,-0.002,0.19,0.02,0.18,0.02
"Kevin Bahl","25-26","CGY","D",57,1064.22,615,14.69,29.28,0.23,0.013,0.21,0.21,0.25,0.02,0.017,0.004,0.2,0.01,0.2,0.01
"Kevin Fiala","25-26","L.A","L",56,851.37,598,14.43,28.85,0.31,0.015,0.2,0.19,0.26,-0.05,0.013,-0.001,0.18,0.02,0.17,0.02
"Kevin Hayes","25-26","PIT","R",24,265.98,346,14.23,28.4,0.13,0.012,0.2,0.2,0.13,0,0.011,-0.001,0.19,0.02,0.18,0.01
"Kevin Stenlund","25-26","UTA","C",58,635.5,621,14.01,28.06,0.18,0.007,0.18,0.17,0.22,0.04,0.003,-0.004,0.16,0.02,0.15,0.02
"Kiefer Sherwood","25-26","VAN","L",44,564.42,565,14.25,28.51,0.08,0.007,0.18,0.17,0.17,0.1,0.008,0.001,0.17,0.01,0.16,0.01
"Kirby Dach","25-26","MTL","C",25,318.22,384,14.46,28.85,0.25,0.012,0.23,0.18,0.21,-0.04,0.003,-0.009,0.19,0.04,0.16,0.03
"Kirill Kaprizov","25-26","MIN","L",60,1058.1,617,14.65,29.28,0.61,0.022,0.2,0.21,0.43,-0.18,0.02,-0.002,0.18,0.02,0.19,0.02
"Kirill Marchenko","25-26","CBJ","R",52,798.08,618,14.6,29.16,0.79,0.031,0.22,0.22,0.47,-0.33,0.019,-0.012,0.19,0.03,0.18,0.04
"Konsta Helenius","25-26","BUF","C",9,105.22,144,13.99,27.92,0.35,0.023,0.22,0.22,0.28,-0.07,0.018,-0.005,0.19,0.03,0.2,0.02
"Kris Letang","25-26","PIT","D",52,963,569,14.5,28.91,0.27,0.007,0.18,0.18,0.29,0.02,0.009,0.002,0.17,0.01,0.16,0.01
"Kurtis MacDermid","25-26","OTT","L",16,63.65,184,12.99,26.23,0.11,-0.01,0.12,0.08,0.29,0.18,-0.007,0.004,0.11,0.01,0.07,0.01
"Kyle Capobianco","25-26","DAL","D",31,364.08,422,13.71,27.46,-0.25,-0.008,0.12,0.12,-0.24,0.02,-0.013,-0.004,0.1,0.02,0.1,0.02
"Kyle Connor","25-26","WPG","L",58,946.7,611,14.8,29.58,0.62,0.026,0.21,0.22,0.4,-0.22,0.018,-0.008,0.18,0.03,0.19,0.03
"Kyle MacLean","25-26","NYI","C",44,455.42,510,13.77,27.5,0.37,0.015,0.17,0.16,0.24,-0.13,0.008,-0.008,0.14,0.03,0.13,0.03
"Kyle Palmieri","25-26","NYI","C",25,319.58,370,14.53,29.01,0.51,0.022,0.23,0.22,0.31,-0.2,0.011,-0.011,0.19,0.04,0.19,0.03
"Landon Slaggert","25-26","CHI","L",31,309.75,427,14.18,28.32,0.29,0.018,0.18,0.18,0.26,-0.02,0.019,0.001,0.16,0.02,0.17,0.02
"Lane Hutson","25-26","MTL","D",59,1154.05,602,14.38,28.74,0.38,0.016,0.2,0.18,0.25,-0.14,0.009,-0.007,0.17,0.03,0.16,0.03
"Lars Eller","25-26","OTT","C",45,457.15,560,13.66,27.31,0.12,-0.001,0.16,0.13,0.08,-0.04,-0.007,-0.005,0.13,0.03,0.11,0.03
"Lawson Crouse","25-26","UTA","L",58,710.5,621,14.51,29.06,0.47,0.014,0.21,0.21,0.4,-0.07,0.011,-0.003,0.19,0.02,0.19,0.02
"Lenni Hameenaho","25-26","N.J","R",12,144.38,216,14.37,28.63,0.08,-0.001,0.19,0.17,0.12,0.04,0.006,0.008,0.18,0.01,0.17,0
"Leo Carlsson","25-26","ANA","C",46,655.72,556,14.72,29.42,0.74,0.027,0.23,0.23,0.5,-0.24,0.02,-0.007,0.2,0.03,0.2,0.03
"Leon Draisaitl","25-26","EDM","C",58,989.05,622,14.7,29.37,0.29,0.008,0.19,0.19,0.3,0.01,0.009,0.001,0.18,0.02,0.18,0.01
"Liam O'Brien","25-26","UTA","C",32,285.03,441,13.88,27.74,0.22,0.005,0.15,0.15,0.27,0.04,0.003,-0.002,0.14,0.01,0.13,0.01
"Liam Ohgren","25-26","MIN","L",18,168.28,306,13.95,27.78,0.48,0.023,0.17,0.19,0.27,-0.22,0.013,-0.01,0.13,0.04,0.16,0.03
"Liam Ohgren","25-26","VAN","L",28,341.05,375,14.32,28.47,-0.16,-0.002,0.18,0.18,0.04,0.21,0.006,0.008,0.18,0.01,0.18,0
"Lian Bichsel","25-26","DAL","D",28,408.78,394,14.24,28.51,0.32,0.011,0.15,0.16,0.27,-0.05,0.014,0.002,0.15,0.01,0.15,0.01
"Linus Karlsson","25-26","VAN","C",56,538.48,633,14.08,28.12,0.12,0.01,0.2,0.19,0.15,0.03,0.008,-0.002,0.18,0.02,0.17,0.02
"Logan Cooley","25-26","UTA","C",31,431.2,398,14.57,29.21,0.4,0.024,0.24,0.23,0.37,-0.03,0.019,-0.005,0.21,0.03,0.21,0.02
"Logan Mailloux","25-26","STL","D",44,607.72,514,13.94,27.9,0.36,0.014,0.16,0.16,0.13,-0.23,0.004,-0.01,0.14,0.02,0.14,0.02
"Logan Stankoven","25-26","CAR","C",59,793.93,619,14.17,28.37,0.19,0.011,0.18,0.17,0.14,-0.05,0.003,-0.008,0.15,0.03,0.14,0.03
"Logan Stanley","25-26","WPG","D",57,880.33,594,14.09,28.17,0.2,0.01,0.16,0.15,0.2,0.01,0.008,-0.002,0.14,0.02,0.14,0.02
"Louis Crevier","25-26","CHI","D",56,804.27,629,14.75,29.43,0.51,0.025,0.24,0.23,0.47,-0.04,0.026,0.001,0.22,0.02,0.21,0.02
"Luca Del Bel Belluz","25-26","CBJ","C",13,112.58,216,13.81,27.47,-0.08,-0.004,0.11,0.15,0.13,0.22,0.003,0.007,0.11,0,0.15,0
"Lucas Raymond","25-26","DET","L",58,831.47,582,14.88,29.71,0.69,0.021,0.23,0.24,0.51,-0.18,0.023,0.002,0.22,0.01,0.22,0.02
"Lukas Reichel","25-26","VAN","L",14,175.25,252,14.23,28.43,0.52,0.021,0.19,0.2,0.41,-0.11,0.018,-0.003,0.17,0.02,0.19,0.01
"Luke Evangelista","25-26","NSH","R",58,805.68,592,14.67,29.33,0.44,0.02,0.21,0.2,0.4,-0.04,0.022,0.001,0.2,0.01,0.19,0.01
"Luke Glendening","25-26","N.J","C",52,428.92,579,13.66,27.3,0.28,0.015,0.19,0.17,0.18,-0.09,0.007,-0.009,0.16,0.03,0.14,0.03
"Luke Hughes","25-26","N.J","D",50,964.6,574,14.38,28.75,0.59,0.022,0.22,0.22,0.42,-0.17,0.02,-0.002,0.2,0.02,0.2,0.02
"Luke Kunin","25-26","FLA","C",44,328.95,504,13.53,27.04,0.22,0.013,0.16,0.14,0.07,-0.15,-0.004,-0.017,0.11,0.05,0.1,0.04
"Luke Schenn","25-26","WPG","D",44,528.55,551,13.92,27.81,0.13,0.008,0.16,0.15,0.08,-0.06,0.002,-0.006,0.13,0.03,0.13,0.02
"Mackenzie MacEachern","25-26","VAN","L",8,80.77,142,13.53,27.21,0.59,0.035,0.19,0.18,0.32,-0.27,0.021,-0.014,0.14,0.05,0.14,0.03
"MacKenzie Weegar","25-26","CGY","D",58,1075.48,615,14.47,28.84,0.17,0.009,0.2,0.19,0.19,0.02,0.009,0,0.18,0.02,0.18,0.02
"Mackie Samoskevich","25-26","FLA","R",57,676.13,605,14.05,28.1,0.39,0.012,0.19,0.17,0.28,-0.11,0.009,-0.003,0.18,0.01,0.16,0.02
"Macklin Celebrini","25-26","S.J","C",57,923.97,556,14.76,29.4,0.8,0.029,0.21,0.21,0.58,-0.22,0.02,-0.009,0.18,0.03,0.18,0.03
"Marat Khusnutdinov","25-26","BOS","C",54,665.57,589,14.5,28.96,0.45,0.019,0.18,0.19,0.22,-0.23,0.011,-0.007,0.16,0.03,0.16,0.03
"Marc Gatcomb","25-26","NYI","C",31,315.78,421,13.75,27.4,0.16,0.002,0.12,0.13,0.12,-0.04,0,-0.002,0.1,0.02,0.12,0.02
"Marco Kasper","25-26","DET","C",59,715.5,609,14.31,28.6,0.5,0.017,0.21,0.2,0.37,-0.12,0.011,-0.005,0.18,0.03,0.18,0.03
"Marco Rossi","25-26","MIN","C",17,249.22,291,14.59,29.23,0.47,0.012,0.18,0.18,0.3,-0.17,0.015,0.003,0.17,0.01,0.17,0.01
"Marco Rossi","25-26","VAN","C",10,146.53,146,14.5,28.86,-0.44,-0.022,0.14,0.15,-0.35,0.09,-0.023,-0.001,0.11,0.03,0.14,0.01
"Marcus Foligno","25-26","MIN","L",48,536.8,556,14.17,28.27,0.39,0.015,0.17,0.17,0.32,-0.07,0.015,0,0.15,0.02,0.16,0.01
"Marcus Johansson","25-26","MIN","L",55,738.62,591,14.75,29.51,0.59,0.017,0.2,0.21,0.49,-0.1,0.024,0.008,0.2,0,0.21,0
"Marcus Pettersson","25-26","VAN","D",59,1057.42,641,14.57,29.07,0.23,0.015,0.21,0.21,0.29,0.06,0.019,0.004,0.2,0.01,0.2,0.01
"Mario Ferraro","25-26","S.J","D",57,970.65,555,14.59,29.09,0.53,0.02,0.2,0.19,0.5,-0.03,0.019,-0.001,0.18,0.02,0.18,0.02
"Mark Jankowski","25-26","CAR","L",47,461.47,579,13.5,27.05,0.05,0.003,0.12,0.13,0.07,0.02,-0.008,-0.011,0.09,0.03,0.1,0.03
"Mark Kastelic","25-26","BOS","C",59,635.35,620,13.99,27.98,0.19,0.006,0.15,0.15,0.14,-0.04,0.003,-0.003,0.14,0.01,0.14,0.01
"Mark Scheifele","25-26","WPG","C",58,980.05,611,14.79,29.56,0.63,0.026,0.21,0.22,0.41,-0.22,0.018,-0.008,0.18,0.03,0.19,0.03
"Mark Stone","25-26","VGK","R",42,596.02,475,14.74,29.44,0.28,0.008,0.21,0.2,0.28,-0.01,0.008,0,0.19,0.02,0.18,0.02
"Marshall Warren","25-26","NYI","D",8,89.52,144,13.82,27.59,0.04,-0.016,0.12,0.12,-0.05,-0.1,-0.021,-0.005,0.09,0.03,0.09,0.03
"Martin Fehervary","25-26","WSH","D",61,966.48,626,14.52,28.98,0.36,0.014,0.18,0.2,0.32,-0.04,0.015,0,0.17,0.02,0.18,0.02
"Martin Necas","25-26","COL","C",55,898.63,573,14.8,29.61,0.67,0.023,0.21,0.22,0.45,-0.22,0.017,-0.006,0.19,0.02,0.19,0.03
"Martin Pospisil","25-26","CGY","C",9,89.03,146,13.88,27.7,-0.03,0.022,0.22,0.22,0.32,0.35,0.022,0,0.19,0.03,0.2,0.02
"Mason Appleton","25-26","DET","C",50,600.12,570,14.07,28.14,0.4,0.014,0.2,0.2,0.32,-0.07,0.01,-0.004,0.18,0.02,0.18,0.02
"Mason Lohrei","25-26","BOS","D",54,813.05,613,14.1,28.19,0.21,0.011,0.17,0.17,0.13,-0.08,0.003,-0.008,0.15,0.02,0.15,0.02
"Mason Marchment","25-26","CBJ","L",16,249.4,242,14.42,28.8,0.82,0.023,0.22,0.2,0.29,-0.53,0.005,-0.018,0.17,0.05,0.15,0.05
"Mason Marchment","25-26","SEA","L",29,431.02,419,14.54,29,0.1,0.013,0.21,0.21,0.1,0,0.008,-0.004,0.18,0.03,0.19,0.02
"Mason McTavish","25-26","ANA","C",53,724.27,572,14.44,28.82,0.35,0.01,0.19,0.19,0.24,-0.1,0.007,-0.004,0.17,0.02,0.16,0.02
"Mathew Barzal","25-26","NYI","C",59,963.63,596,14.8,29.53,0.62,0.026,0.23,0.24,0.47,-0.15,0.021,-0.005,0.2,0.03,0.21,0.02
"Mathieu Joseph","25-26","STL","R",39,449.87,498,13.97,27.94,-0.03,-0.005,0.14,0.15,0.02,0.05,-0.004,0.001,0.14,0,0.15,0
"Mathieu Olivier","25-26","CBJ","R",45,589.42,538,14.5,28.95,0.33,0.016,0.2,0.19,0.32,-0.01,0.018,0.002,0.19,0.01,0.18,0.01
"Matias MacCelli","25-26","TOR","L",49,620.32,576,14.44,28.86,0.57,0.025,0.22,0.2,0.39,-0.18,0.015,-0.01,0.18,0.04,0.17,0.03
"Mats Zuccarello","25-26","MIN","R",40,589.3,441,14.64,29.25,0.53,0.018,0.19,0.2,0.43,-0.1,0.019,0.001,0.18,0.01,0.18,0.02
"Matt Boldy","25-26","MIN","L",56,811.75,577,14.87,29.73,0.77,0.026,0.22,0.23,0.59,-0.19,0.031,0.005,0.21,0,0.23,0.01
"Matt Coronato","25-26","CGY","R",57,750.2,596,14.61,29.13,0.31,0.011,0.2,0.19,0.28,-0.03,0.013,0.003,0.18,0.01,0.18,0.01
"Matt Duchene","25-26","DAL","C",34,475.6,441,14.3,28.63,0.45,0.02,0.21,0.2,0.35,-0.1,0.016,-0.004,0.18,0.03,0.17,0.02
"Matt Dumba","25-26","PIT","D",11,161.75,184,14.24,28.23,-0.04,0.021,0.21,0.2,0.09,0.13,0.014,-0.007,0.17,0.03,0.18,0.02
"Matt Grzelcyk","25-26","CHI","D",59,913.9,637,14.23,28.42,0.3,0.015,0.19,0.18,0.25,-0.05,0.007,-0.008,0.16,0.03,0.15,0.03
"Matt Kiersted","25-26","MIN","D",4,50.5,71,14.06,28.06,0.99,0.063,0.26,0.26,0.78,-0.21,0.044,-0.019,0.21,0.05,0.23,0.03
"Matt Rempe","25-26","NYR","C",26,213.93,313,13.64,27.29,0.24,0.006,0.16,0.15,0.14,-0.1,0.007,0.001,0.15,0.01,0.14,0.02
"Matt Roy","25-26","WSH","D",59,1054.75,619,14.48,28.92,0.45,0.015,0.18,0.19,0.32,-0.12,0.012,-0.003,0.16,0.02,0.17,0.02
"Matt Savoie","25-26","EDM","C",61,711.73,632,14.33,28.6,0.01,-0.001,0.18,0.16,0.16,0.15,0.001,0.002,0.17,0.02,0.15,0.01
"Matthew Kessel","25-26","STL","D",23,269.25,352,13.86,27.55,0.4,0.013,0.16,0.17,0.12,-0.29,-0.004,-0.017,0.12,0.04,0.13,0.04
"Matthew Knies","25-26","TOR","L",57,836.48,610,14.63,29.28,0.8,0.028,0.23,0.23,0.51,-0.29,0.022,-0.006,0.2,0.03,0.2,0.03
"Matthew Robertson","25-26","NYR","D",49,761.47,561,14.18,28.37,0.63,0.019,0.21,0.22,0.44,-0.18,0.017,-0.002,0.19,0.02,0.19,0.02
"Matthew Schaefer","25-26","NYI","D",60,1131.13,614,14.7,29.33,0.61,0.026,0.22,0.23,0.46,-0.15,0.022,-0.004,0.19,0.03,0.21,0.02
"Matthew Tkachuk","25-26","FLA","L",12,165.68,183,14.4,28.89,0.24,0.013,0.25,0.21,0.08,-0.16,0.008,-0.006,0.22,0.03,0.19,0.03
"Matthew Wood","25-26","NSH","R",48,479.47,532,14.02,28.03,0.32,0.013,0.17,0.16,0.17,-0.15,0,-0.013,0.14,0.03,0.13,0.03
"Mattias Ekholm","25-26","EDM","D",61,1097.58,632,14.66,29.29,0.27,0.009,0.19,0.18,0.26,-0.01,0.008,0,0.17,0.02,0.17,0.01
"Mattias Janmark","25-26","EDM","C",43,438.68,514,13.95,27.8,-0.19,-0.004,0.14,0.14,0.04,0.22,0,0.004,0.13,0.01,0.14,0
"Mattias Samuelsson","25-26","BUF","D",58,1136.52,597,14.52,29.04,0.65,0.022,0.2,0.21,0.48,-0.17,0.02,-0.001,0.18,0.02,0.19,0.02
"Matty Beniers","25-26","SEA","C",59,901.75,600,14.66,29.24,0.31,0.015,0.21,0.21,0.28,-0.03,0.016,0,0.19,0.02,0.19,0.02
"Matvei Gridin","25-26","CGY","R",15,184.1,239,14.32,28.4,0.19,0.01,0.21,0.2,0.22,0.03,0.005,-0.005,0.17,0.04,0.17,0.03
"Matvei Michkov","25-26","PHI","R",58,708.95,593,14.18,28.37,0.51,0.019,0.19,0.18,0.3,-0.21,0.011,-0.008,0.16,0.03,0.16,0.03
"Maveric Lamoureux","25-26","UTA","D",5,73.2,90,14.04,28.32,0.46,-0.01,0.04,0.05,0.53,0.07,-0.002,0.008,0.07,-0.03,0.05,-0.01
"Mavrik Bourque","25-26","DAL","C",59,775.25,628,14.35,28.7,0.36,0.013,0.19,0.19,0.31,-0.05,0.013,0,0.18,0.01,0.18,0.01
"Max Domi","25-26","TOR","C",58,773.55,622,14.61,29.2,0.65,0.028,0.22,0.22,0.51,-0.14,0.026,-0.002,0.2,0.02,0.2,0.02
"Max Jones","25-26","EDM","L",8,60.45,108,13.58,27.07,-0.26,-0.025,0.11,0.08,0.04,0.3,-0.017,0.008,0.13,-0.02,0.1,-0.02
"Max Sasson","25-26","VAN","C",50,534.98,606,14.01,28.02,0.16,0.01,0.18,0.17,0.13,-0.03,0.007,-0.003,0.16,0.02,0.15,0.02
"Max Shabanov","25-26","NYI","R",40,478.33,535,14.28,28.55,0.44,0.02,0.2,0.2,0.31,-0.13,0.014,-0.006,0.17,0.03,0.17,0.03
"Maxim Tsyplakov","25-26","N.J","R",7,58.95,125,13.82,27.58,0.21,0.023,0.23,0.21,0.09,-0.12,0.02,-0.003,0.2,0.03,0.18,0.03
"Maxim Tsyplakov","25-26","NYI","R",27,252.3,395,13.84,27.76,0.43,0.02,0.2,0.19,0.34,-0.08,0.014,-0.007,0.17,0.04,0.16,0.03
"Maxwell Crozier","25-26","T.B","D",34,494.48,432,13.77,27.69,0.3,0.006,0.17,0.16,0.11,-0.2,-0.005,-0.011,0.14,0.03,0.13,0.03
"Michael Amadio","25-26","OTT","R",59,849.92,627,14.69,29.34,0.42,0.016,0.22,0.22,0.42,0,0.019,0.003,0.21,0.01,0.21,0.01
"Michael Brandsegg-Nygård","25-26","DET","R",9,97.57,144,14.37,28.77,-0.1,0.005,0.21,0.2,0.03,0.13,0.01,0.005,0.2,0.01,0.2,0.01
"Michael Bunting","25-26","NSH","L",59,740.52,612,14.25,28.48,0.38,0.014,0.19,0.18,0.32,-0.07,0.011,-0.003,0.17,0.01,0.17,0.01
"Michael Callahan","25-26","BOS","D",5,58.63,74,13.99,28.23,0.71,0.043,0.22,0.19,0.75,0.04,0.031,-0.012,0.2,0.02,0.17,0.01
"Michael Carcone","25-26","UTA","L",56,645.35,620,14.06,28.11,0.03,-0.001,0.17,0.16,0.13,0.11,-0.002,-0.001,0.16,0.01,0.15,0.01
"Michael Eyssimont","25-26","BOS","C",46,460.33,546,13.97,28.01,0.55,0.023,0.18,0.19,0.39,-0.16,0.016,-0.008,0.16,0.02,0.16,0.02
"Michael Kesselring","25-26","BUF","D",27,344.47,380,14.15,28.37,0.61,0.023,0.2,0.21,0.37,-0.24,0.013,-0.011,0.16,0.03,0.18,0.03
"Michael McCarron","25-26","NSH","C",58,676.83,609,14.3,28.58,0.4,0.016,0.2,0.19,0.34,-0.06,0.013,-0.003,0.19,0.02,0.18,0.01
"Michael Misa","25-26","S.J","C",20,206.83,297,14.16,28.24,0.47,0.014,0.14,0.13,0.5,0.03,0.015,0.002,0.14,0,0.14,0
"Michael Rasmussen","25-26","DET","C",55,591.63,564,13.88,27.76,0.18,0.003,0.18,0.17,0.2,0.03,0.005,0.001,0.17,0.01,0.16,0.01
"Mika Zibanejad","25-26","NYR","C",58,874.9,595,14.7,29.38,0.75,0.023,0.23,0.23,0.51,-0.24,0.024,0.001,0.22,0.01,0.21,0.02
"Mikael Backlund","25-26","CGY","C",58,802.55,613,14.71,29.32,0.22,0.012,0.21,0.21,0.23,0.01,0.017,0.005,0.2,0.01,0.2,0.01
"Mikael Granlund","25-26","ANA","C",38,505.98,464,14.62,29.09,0.28,0.003,0.19,0.18,0.3,0.02,0.007,0.004,0.17,0.01,0.17,0.01
"Mike Matheson","25-26","MTL","D",56,1094.22,576,14.87,29.72,0.47,0.026,0.25,0.24,0.43,-0.04,0.026,-0.001,0.23,0.02,0.22,0.02
"Mike Reilly","25-26","CAR","D",29,410.87,417,13.83,27.7,-0.15,-0.004,0.14,0.13,0.05,0.21,-0.007,-0.003,0.13,0.01,0.12,0.01
"Mikey Anderson","25-26","L.A","D",57,977.25,607,14.53,29.06,0.37,0.019,0.21,0.2,0.3,-0.07,0.019,-0.001,0.19,0.02,0.19,0.02
"Mikhail Sergachev","25-26","UTA","D",59,1030.62,622,14.67,29.37,0.46,0.019,0.23,0.22,0.39,-0.07,0.016,-0.003,0.21,0.02,0.2,0.02
"Mikko Rantanen","25-26","DAL","R",54,833.32,600,14.67,29.41,0.6,0.023,0.22,0.22,0.41,-0.19,0.019,-0.004,0.19,0.02,0.2,0.02
"Miles Wood","25-26","CBJ","L",39,442.33,503,14.42,28.71,0.24,0.007,0.18,0.18,0.31,0.07,0.011,0.004,0.17,0.01,0.17,0.01
"Miro Heiskanen","25-26","DAL","D",57,1058.2,626,14.66,29.34,0.51,0.016,0.21,0.21,0.39,-0.12,0.017,0.001,0.2,0.01,0.19,0.01
"Mitch Marner","25-26","VGK","R",58,848.28,594,14.57,29.19,0.49,0.016,0.21,0.2,0.41,-0.08,0.014,-0.002,0.19,0.02,0.18,0.02
"Mitchell Chaffee","25-26","T.B","R",7,57.43,123,13.55,27.16,0.01,-0.003,0.13,0.13,-0.04,-0.05,-0.017,-0.013,0.07,0.05,0.09,0.04
"Morgan Barron","25-26","WPG","C",49,513.12,567,14.23,28.41,0.41,0.029,0.21,0.21,0.36,-0.05,0.026,-0.003,0.18,0.03,0.19,0.02
"Morgan Frost","25-26","CGY","C",58,697,613,14.26,28.43,0.09,0.005,0.18,0.17,0.12,0.03,0.004,-0.001,0.16,0.02,0.16,0.02
"Morgan Geekie","25-26","BOS","C",58,803.07,602,14.58,29.17,0.49,0.019,0.2,0.2,0.28,-0.22,0.011,-0.008,0.17,0.02,0.18,0.03
"Morgan Rielly","25-26","TOR","D",57,1024.72,624,14.3,28.6,0.57,0.021,0.2,0.19,0.36,-0.21,0.014,-0.007,0.16,0.03,0.16,0.03
"Moritz Seider","25-26","DET","D",60,1206.22,609,14.59,29.16,0.58,0.017,0.22,0.22,0.47,-0.11,0.02,0.003,0.21,0.01,0.2,0.02
"Nate Danielson","25-26","DET","C",28,265.7,390,13.77,27.48,0.1,-0.009,0.14,0.14,0.16,0.06,-0.003,0.006,0.12,0.01,0.13,0.01
"Nate Schmidt","25-26","UTA","D",59,1008.08,624,14.42,28.86,0.4,0.015,0.2,0.19,0.33,-0.07,0.01,-0.005,0.18,0.02,0.17,0.02
"Nathan Bastian","25-26","DAL","R",26,217.37,375,13.78,27.55,0.04,-0.002,0.14,0.15,0.1,0.06,0.003,0.005,0.13,0.01,0.15,0.01
"Nathan MacKinnon","25-26","COL","C",57,969.62,592,14.82,29.65,0.65,0.022,0.21,0.21,0.44,-0.2,0.015,-0.007,0.18,0.02,0.18,0.03
"Nathan Walker","25-26","STL","L",39,420.92,502,14.07,27.98,0.11,0.007,0.16,0.15,0.15,0.04,0.005,-0.002,0.14,0.02,0.14,0.01
"Nazem Kadri","25-26","CGY","C",58,896.55,614,14.49,28.89,0.17,0.01,0.21,0.2,0.17,0,0.009,-0.001,0.19,0.02,0.18,0.02
"Neal Pionk","25-26","WPG","D",40,707.9,537,14.59,29.1,0.43,0.02,0.2,0.2,0.36,-0.07,0.021,0.001,0.18,0.01,0.19,0.01
"Nic Dowd","25-26","WSH","C",54,680.45,607,14.28,28.54,0.42,0.012,0.18,0.18,0.33,-0.08,0.011,-0.001,0.16,0.02,0.16,0.02
"Nicholas Robertson","25-26","TOR","L",57,639.53,620,13.9,27.74,0.23,0.007,0.16,0.16,0.18,-0.05,0.002,-0.005,0.14,0.03,0.14,0.02
"Nick Bjugstad","25-26","STL","C",35,366.65,474,14.1,28.15,0.26,0.012,0.17,0.17,0.3,0.04,0.015,0.003,0.17,0,0.17,0
"Nick Blankenburg","25-26","NSH","D",47,668.87,505,14.18,28.3,0.26,0.009,0.17,0.16,0.21,-0.05,0.003,-0.006,0.15,0.02,0.14,0.02
"Nick Cousins","25-26","OTT","C",58,627.53,623,13.96,27.88,0.27,0.004,0.17,0.16,0.18,-0.09,-0.002,-0.006,0.14,0.02,0.13,0.03
"Nick Desimone","25-26","UTA","D",33,460.73,442,14,27.91,0.27,0.014,0.18,0.18,0.1,-0.17,-0.002,-0.016,0.13,0.04,0.14,0.04
"Nick Foligno","25-26","CHI","L",35,358.08,494,13.98,27.99,0.41,0.01,0.17,0.16,0.31,-0.1,0.006,-0.004,0.14,0.03,0.14,0.02
"Nick Jensen","25-26","OTT","D",56,892.2,624,14.26,28.48,0.28,0.009,0.18,0.18,0.18,-0.1,0.004,-0.005,0.16,0.02,0.15,0.03
"Nick Lardis","25-26","CHI","L",21,224,345,13.9,27.8,0.27,0.011,0.19,0.19,0.06,-0.2,0.006,-0.005,0.17,0.03,0.16,0.03
"Nick Leddy","25-26","S.J","D",19,300.05,247,14.24,28.18,0.85,0.028,0.21,0.21,0.45,-0.4,0.016,-0.011,0.17,0.03,0.17,0.04
"Nick Paul","25-26","T.B","L",34,405.12,455,13.84,27.67,0.01,-0.001,0.14,0.15,-0.05,-0.06,-0.006,-0.006,0.12,0.02,0.13,0.02
"Nick Perbix","25-26","NSH","D",56,900.95,606,14.59,29.15,0.37,0.017,0.22,0.2,0.35,-0.01,0.016,-0.001,0.2,0.01,0.19,0.01
"Nick Schmaltz","25-26","UTA","C",59,850.77,619,14.73,29.48,0.63,0.024,0.22,0.22,0.41,-0.22,0.015,-0.009,0.19,0.03,0.18,0.03
"Nick Seeler","25-26","PHI","D",59,954.52,612,14.27,28.54,0.51,0.017,0.2,0.2,0.4,-0.11,0.017,0,0.18,0.01,0.19,0.01
"Nick Suzuki","25-26","MTL","C",59,918.77,599,15,29.98,0.65,0.029,0.25,0.24,0.44,-0.22,0.023,-0.006,0.23,0.03,0.22,0.03
"Nico Hischier","25-26","N.J","C",60,908.57,612,14.77,29.51,0.8,0.03,0.23,0.24,0.54,-0.26,0.028,-0.002,0.21,0.02,0.22,0.02
"Nico Sturm","25-26","MIN","C",37,337.6,472,14.03,28.06,0.22,0.009,0.16,0.17,0.16,-0.06,0.005,-0.004,0.14,0.02,0.15,0.02
"Nicolas Deslauriers","25-26","PHI","L",22,180.68,284,13.52,27.08,0.06,0.008,0.17,0.14,0.02,-0.03,-0.001,-0.009,0.14,0.03,0.11,0.03
"Nicolas Hague","25-26","NSH","D",45,762.15,498,14.35,28.67,0.45,0.022,0.2,0.18,0.34,-0.11,0.014,-0.008,0.18,0.02,0.16,0.02
"Nicolas Roy","25-26","TOR","C",57,680.55,612,13.88,27.76,0.32,0.009,0.16,0.16,0.25,-0.08,0.005,-0.005,0.14,0.02,0.14,0.02
"Nikita Chibrikov","25-26","WPG","R",8,73.27,144,14.23,28.66,-0.07,-0.021,0.14,0.11,0.04,0.11,-0.007,0.014,0.16,-0.02,0.14,-0.02
"Nikita Grebenkin","25-26","PHI","R",45,494.03,532,13.92,27.89,0.36,0.009,0.18,0.17,0.3,-0.07,0.008,-0.001,0.17,0.02,0.16,0.02
"Nikita Kucherov","25-26","T.B","R",54,815.82,591,14.59,29.19,0.57,0.023,0.22,0.21,0.36,-0.21,0.018,-0.004,0.2,0.02,0.18,0.02
"Nikita Nesterenko","25-26","ANA","C",29,323.18,403,14.15,28.44,0.62,0.022,0.19,0.18,0.46,-0.16,0.015,-0.007,0.17,0.02,0.16,0.02
"Nikita Zadorov","25-26","BOS","D",58,1034.95,619,14.44,28.88,0.4,0.016,0.18,0.19,0.31,-0.09,0.013,-0.003,0.17,0.02,0.17,0.02
"Niko Mikkola","25-26","FLA","D",59,1036.72,612,14.5,29,0.71,0.027,0.23,0.23,0.47,-0.24,0.022,-0.005,0.21,0.03,0.2,0.03
"Nikolaj Ehlers","25-26","CAR","L",59,783.72,619,14.53,29.09,0.45,0.021,0.2,0.19,0.33,-0.12,0.01,-0.011,0.16,0.03,0.16,0.03
"Nikolas Matinpalo","25-26","OTT","D",30,414.57,430,13.86,27.69,0.4,0.01,0.19,0.16,0.31,-0.09,0.002,-0.008,0.15,0.03,0.13,0.03
"Nils Hoglander","25-26","VAN","L",20,218.47,270,14.03,27.96,-0.24,0.003,0.18,0.17,-0.07,0.18,-0.002,-0.005,0.14,0.04,0.15,0.02
"Nils Lundkvist","25-26","DAL","D",32,514.93,436,14.29,28.57,0.32,0.014,0.2,0.2,0.27,-0.06,0.013,-0.001,0.18,0.03,0.18,0.02
"Nino Niederreiter","25-26","WPG","R",55,664.68,603,14.25,28.47,0.36,0.018,0.18,0.19,0.29,-0.06,0.015,-0.003,0.16,0.03,0.17,0.02
"Noah Cates","25-26","PHI","L",59,730.83,609,14.45,28.91,0.57,0.023,0.21,0.21,0.43,-0.14,0.021,-0.001,0.19,0.02,0.19,0.01
"Noah Dobson","25-26","MTL","D",59,1078.93,602,14.73,29.43,0.48,0.023,0.23,0.22,0.37,-0.11,0.02,-0.003,0.21,0.02,0.2,0.02
"Noah Gregor","25-26","FLA","L",24,185,333,13.51,27,0.16,0.002,0.14,0.12,-0.02,-0.17,-0.011,-0.013,0.11,0.03,0.09,0.03
"Noah Hanifin","25-26","VGK","D",48,974.98,559,14.4,28.79,0.22,0.009,0.19,0.18,0.21,-0.01,0.006,-0.002,0.17,0.02,0.17,0.02
"Noah Juulsen","25-26","PHI","D",43,530.73,506,13.88,27.79,0.52,0.025,0.2,0.18,0.26,-0.26,0.009,-0.016,0.16,0.04,0.15,0.04
"Noah Laba","25-26","NYR","C",56,649.07,570,13.94,27.84,0.27,0.012,0.18,0.19,0.24,-0.03,0.013,0.001,0.17,0.02,0.17,0.01
"Noah Ostlund","25-26","BUF","C",48,573.08,557,14.17,28.3,0.41,0.017,0.19,0.19,0.25,-0.16,0.008,-0.009,0.15,0.04,0.16,0.03
"Noah Philp","25-26","EDM","C",15,140.73,254,13.79,27.54,0.19,0.01,0.18,0.16,0.24,0.04,0.006,-0.005,0.15,0.03,0.15,0.01
"Noel Acciari","25-26","PIT","C",44,457.6,512,14.14,28.19,0.3,0.009,0.18,0.17,0.22,-0.08,0.006,-0.003,0.15,0.03,0.15,0.02
"Olen Zellweger","25-26","ANA","D",57,902.73,601,14.28,28.5,0.37,0.008,0.18,0.17,0.3,-0.07,0.004,-0.004,0.16,0.02,0.15,0.02
"Oliver Bjorkstrand","25-26","T.B","R",58,595.77,599,13.87,27.77,0.3,0.008,0.16,0.16,0.2,-0.1,0,-0.008,0.14,0.03,0.14,0.03
"Oliver Ekman-Larsson","25-26","TOR","D",60,1102.38,632,14.38,28.76,0.48,0.018,0.2,0.2,0.33,-0.16,0.014,-0.004,0.17,0.03,0.17,0.02
"Oliver Kapanen","25-26","MTL","C",59,708.48,600,14.41,28.81,0.36,0.016,0.2,0.19,0.25,-0.11,0.011,-0.006,0.18,0.03,0.16,0.02
"Oliver Moore","25-26","CHI","C",47,544.93,582,14.17,28.26,0.22,0.009,0.19,0.18,0.27,0.05,0.007,-0.002,0.16,0.03,0.16,0.02
"Olle Lycksell","25-26","OTT","R",7,69.05,95,13.69,27.29,-0.53,-0.039,0.08,0.07,-0.62,-0.09,-0.032,0.007,0.09,-0.01,0.06,0.01
"Olli Maatta","25-26","UTA","D",20,236.83,301,13.73,27.55,-0.46,-0.017,0.16,0.14,-0.12,0.34,-0.013,0.004,0.14,0.02,0.13,0.01
"Ondrej Palat","25-26","N.J","L",51,582.93,583,14.46,28.89,0.53,0.026,0.22,0.23,0.45,-0.08,0.025,0,0.2,0.02,0.21,0.02
"Ondrej Palat","25-26","NYI","L",8,111.27,125,15.05,29.95,0.89,0.05,0.23,0.24,0.65,-0.24,0.036,-0.014,0.18,0.05,0.21,0.03
"Oskar Back","25-26","DAL","C",49,485.83,580,13.84,27.69,-0.03,-0.001,0.15,0.15,-0.01,0.02,-0.001,0,0.13,0.01,0.14,0.01
"Oskar Sundqvist","25-26","STL","C",43,443.28,506,14,27.93,0.51,0.021,0.18,0.18,0.31,-0.21,0.013,-0.008,0.16,0.02,0.16,0.02
"Otto Stenberg","25-26","STL","C",18,220.13,276,14.28,28.53,0.94,0.037,0.21,0.23,0.44,-0.5,0.02,-0.017,0.17,0.04,0.19,0.04
"Owen Beck","25-26","MTL","C",15,137.73,223,13.54,27,0.02,-0.004,0.09,0.09,-0.21,-0.23,-0.018,-0.014,0.04,0.05,0.04,0.06
"Owen Power","25-26","BUF","D",59,1074.23,598,14.4,28.86,0.55,0.021,0.2,0.2,0.4,-0.15,0.016,-0.005,0.18,0.02,0.18,0.02
"Owen Tippett","25-26","PHI","R",59,788.72,611,14.49,28.98,0.68,0.022,0.22,0.21,0.47,-0.21,0.018,-0.003,0.19,0.02,0.19,0.02
"Ozzy Wiesblatt","25-26","NSH","C",30,290.13,428,14.16,28.37,0.16,0.006,0.16,0.16,0.14,-0.02,0.003,-0.003,0.14,0.02,0.14,0.02
"Parker Ford","25-26","WPG","C",11,95.63,198,13.91,27.8,-0.05,-0.009,0.1,0.1,0.17,0.22,0.005,0.014,0.11,-0.01,0.12,-0.01
"Parker Kelly","25-26","COL","C",58,584.35,591,13.93,27.91,0.07,0.005,0.16,0.16,0.09,0.01,0.001,-0.004,0.14,0.02,0.14,0.02
"Parker Wotherspoon","25-26","PIT","D",58,1011.55,586,14.52,28.94,0.32,0.011,0.2,0.19,0.26,-0.05,0.01,-0.002,0.18,0.02,0.17,0.02
"Patrick Kane","25-26","DET","R",45,608.75,523,14.56,29.11,0.62,0.018,0.23,0.21,0.48,-0.13,0.017,-0.002,0.21,0.02,0.19,0.02
"Paul Cotter","25-26","N.J","L",57,631.18,609,13.88,27.73,0.34,0.016,0.19,0.18,0.26,-0.08,0.012,-0.004,0.17,0.02,0.16,0.02
"Pavel Buchnevich","25-26","STL","L",59,791.58,607,14.73,29.43,0.55,0.021,0.21,0.21,0.39,-0.15,0.018,-0.003,0.19,0.02,0.19,0.02
"Pavel Dorofeyev","25-26","VGK","R",59,800.35,595,14.25,28.55,0.32,0.007,0.18,0.17,0.27,-0.05,0.003,-0.005,0.15,0.02,0.15,0.02
"Pavel Mintyukov","25-26","ANA","D",53,800.8,569,14.29,28.5,0.25,0.006,0.18,0.17,0.21,-0.04,0.005,-0.001,0.16,0.02,0.15,0.02
"Pavel Zacha","25-26","BOS","C",56,700.97,607,14.56,29.09,0.37,0.018,0.21,0.2,0.35,-0.02,0.018,-0.001,0.19,0.02,0.19,0.02
"Pavol Regenda","25-26","S.J","L",17,194.2,258,14.45,28.81,0.26,0.018,0.19,0.19,0.25,-0.01,0.015,-0.003,0.17,0.02,0.18,0.02
"Peyton Krebs","25-26","BUF","C",60,784.08,602,14.36,28.77,0.51,0.019,0.2,0.2,0.34,-0.17,0.015,-0.004,0.17,0.02,0.17,0.02
"Philip Broberg","25-26","STL","D",58,1105.7,590,14.62,29.21,0.42,0.018,0.21,0.21,0.34,-0.07,0.016,-0.002,0.19,0.02,0.2,0.01
"Philip Tomasino","25-26","PIT","R",9,106.33,144,14.12,28.14,0.22,0.004,0.16,0.15,0.4,0.18,0.014,0.01,0.16,-0.01,0.16,-0.01
"Philipp Kurashev","25-26","S.J","C",36,468.37,444,14.65,29.23,0.73,0.023,0.21,0.2,0.66,-0.07,0.021,-0.001,0.19,0.02,0.19,0.01
"Philippe Myers","25-26","TOR","D",27,348.25,367,14.02,28.02,0.65,0.02,0.17,0.17,0.41,-0.25,0.013,-0.006,0.14,0.03,0.14,0.03
"Phillip Danault","25-26","L.A","C",30,404.65,431,14.43,28.91,0.25,0.006,0.18,0.18,0.26,0.01,0.013,0.007,0.18,0,0.17,0
"Phillip Danault","25-26","MTL","C",23,282.87,319,13.94,28.05,0.5,0.023,0.2,0.18,0.37,-0.12,0.013,-0.01,0.17,0.03,0.15,0.02
"Pierre-Luc Dubois","25-26","WSH","L",10,131.67,165,14.81,29.57,0.2,0.024,0.22,0.22,0.05,-0.15,0.009,-0.014,0.18,0.03,0.19,0.03
"Pierre-Olivier Joseph","25-26","VAN","D",23,294.78,368,14.05,27.91,0.16,0.013,0.2,0.19,0.14,-0.01,0.004,-0.009,0.17,0.03,0.16,0.02
"Pius Suter","25-26","STL","C",42,552.93,525,14.37,28.66,0.11,0.001,0.16,0.15,0.17,0.06,0.002,0.001,0.15,0.01,0.15,0
"Pontus Holmberg","25-26","T.B","R",51,678.45,553,14.56,29.16,0.51,0.011,0.22,0.22,0.44,-0.07,0.018,0.006,0.21,0,0.21,0.01
"Quinn Hughes","25-26","MIN","D",28,662.32,404,14.62,29.23,0.49,0.018,0.2,0.21,0.45,-0.03,0.023,0.005,0.2,0.01,0.2,0.01
"Quinn Hughes","25-26","VAN","D",26,553.12,392,14.45,29.02,0.56,0.027,0.22,0.21,0.49,-0.07,0.023,-0.004,0.2,0.02,0.19,0.02
"Quinton Byfield","25-26","L.A","R",58,865.8,606,14.71,29.39,0.47,0.02,0.22,0.21,0.42,-0.05,0.023,0.003,0.21,0.01,0.2,0.01
"Radek Faksa","25-26","DAL","C",56,522.68,622,13.77,27.58,0.15,0.003,0.15,0.15,0.11,-0.04,0.001,-0.002,0.13,0.02,0.13,0.02
"Radko Gudas","25-26","ANA","D",45,671.88,516,14.3,28.44,0.16,-0.002,0.17,0.15,0.16,-0.01,-0.002,0,0.15,0.02,0.14,0.02
"Rasmus Andersson","25-26","CGY","D",48,871.45,549,14.69,29.29,0.15,0.009,0.2,0.2,0.16,0,0.013,0.004,0.19,0.01,0.19,0.01
"Rasmus Andersson","25-26","VGK","D",10,189.02,166,14.51,28.94,0.28,0.011,0.21,0.21,0.27,-0.01,0.004,-0.007,0.19,0.02,0.18,0.03
"Rasmus Dahlin","25-26","BUF","D",56,1101.48,594,14.47,28.95,0.55,0.02,0.19,0.2,0.39,-0.16,0.016,-0.004,0.17,0.02,0.18,0.03
"Rasmus Ristolainen","25-26","PHI","D",22,381.13,311,14.35,28.75,0.23,0,0.17,0.18,0.28,0.05,0.007,0.007,0.17,0,0.18,0
"Rasmus Sandin","25-26","WSH","D",55,903.27,592,14.27,28.49,0.46,0.014,0.17,0.18,0.3,-0.16,0.008,-0.005,0.15,0.02,0.16,0.03
"Reid Schaefer","25-26","NSH","L",27,270.48,316,14.24,28.34,0.4,0.014,0.21,0.19,0.33,-0.07,0.01,-0.003,0.19,0.02,0.17,0.02
"Reilly Smith","25-26","VGK","R",55,674.3,571,14.24,28.51,0.39,0.013,0.18,0.18,0.38,-0.02,0.009,-0.004,0.17,0.02,0.16,0.02
"Rickard Rakell","25-26","PIT","R",37,543.65,433,14.81,29.57,0.65,0.013,0.19,0.18,0.44,-0.21,0.011,-0.002,0.18,0.02,0.16,0.02
"Ridly Greig","25-26","OTT","C",54,705.6,578,14.41,28.8,0.39,0.013,0.19,0.19,0.34,-0.05,0.012,-0.001,0.18,0.02,0.17,0.02
"Robby Fabbri","25-26","STL","C",15,179.63,190,14.05,28.35,0.34,0.023,0.23,0.22,-0.03,-0.37,0.008,-0.015,0.19,0.05,0.18,0.04
"Robert Thomas","25-26","STL","C",42,591.02,515,14.84,29.66,0.49,0.019,0.22,0.23,0.38,-0.11,0.016,-0.003,0.21,0.02,0.22,0.02
"Rodrigo Abols","25-26","PHI","C",42,408.12,475,13.62,27.18,0.08,0.002,0.13,0.13,0.01,-0.07,-0.003,-0.005,0.11,0.03,0.11,0.02
"Roman Josi","25-26","NSH","D",47,914.88,518,14.44,28.89,0.57,0.022,0.22,0.21,0.46,-0.1,0.02,-0.002,0.2,0.02,0.19,0.01
"Roope Hintz","25-26","DAL","C",52,682.82,608,14.7,29.4,0.5,0.018,0.22,0.21,0.4,-0.1,0.016,-0.001,0.2,0.02,0.19,0.02
"Ross Colton","25-26","COL","C",55,650.28,584,14.3,28.63,0.27,0.008,0.18,0.17,0.27,0,0.008,0,0.17,0.02,0.16,0.01
"Ross Johnston","25-26","ANA","L",56,537.87,592,13.92,27.75,0.02,-0.003,0.16,0.14,0.08,0.05,-0.005,-0.002,0.14,0.02,0.13,0.02
"Rutger McGroarty","25-26","PIT","R",20,226.47,277,13.91,27.88,0.31,0.014,0.21,0.2,0.08,-0.23,0.008,-0.007,0.18,0.03,0.17,0.03
"Ryan Donato","25-26","CHI","C",59,775.55,637,14.37,28.72,0.34,0.014,0.21,0.2,0.33,-0.01,0.012,-0.001,0.19,0.02,0.18,0.02
"Ryan Graves","25-26","PIT","D",19,281,309,13.93,27.82,0.08,0.007,0.16,0.15,0.08,-0.01,0.004,-0.003,0.14,0.02,0.14,0.02
"Ryan Greene","25-26","CHI","C",58,764.57,633,14.51,28.99,0.42,0.017,0.21,0.2,0.38,-0.04,0.015,-0.001,0.19,0.02,0.18,0.02
"Ryan Hartman","25-26","MIN","R",56,808.25,606,14.45,28.89,0.4,0.017,0.19,0.19,0.35,-0.04,0.018,0.001,0.18,0.01,0.18,0.01
"Ryan Leonard","25-26","WSH","R",55,648.1,606,14.33,28.66,0.21,0.006,0.17,0.17,0.12,-0.09,0.003,-0.002,0.15,0.02,0.15,0.02
"Ryan Lindgren","25-26","SEA","D",57,883.03,594,14.43,28.79,0.18,0.009,0.19,0.19,0.24,0.06,0.011,0.002,0.17,0.02,0.18,0.01
"Ryan Lomberg","25-26","CGY","L",50,441.5,551,13.77,27.43,-0.24,-0.008,0.14,0.14,-0.2,0.04,-0.009,-0.001,0.13,0.02,0.12,0.02
"Ryan McDonagh","25-26","T.B","D",25,391.53,371,14.64,29.29,0.82,0.025,0.24,0.23,0.64,-0.18,0.024,-0.001,0.22,0.02,0.22,0.02
"Ryan McLeod","25-26","BUF","C",60,796.62,602,14.44,28.9,0.65,0.022,0.2,0.21,0.46,-0.19,0.019,-0.004,0.18,0.02,0.19,0.02
"Ryan Nugent-Hopkins","25-26","EDM","C",52,697.32,550,14.67,29.27,0.13,0.001,0.18,0.16,0.19,0.05,0.003,0.003,0.17,0.01,0.15,0.01
"Ryan O'Reilly","25-26","NSH","C",59,869.18,609,14.91,29.82,0.6,0.028,0.23,0.23,0.54,-0.07,0.028,0.001,0.22,0.01,0.22,0.01
"Ryan Poehling","25-26","ANA","C",51,601.87,563,14.18,28.26,0.18,0.004,0.17,0.17,0.22,0.03,0.004,0.001,0.16,0.01,0.16,0.01
"Ryan Pulock","25-26","NYI","D",58,1024.65,607,14.84,29.62,0.65,0.027,0.23,0.24,0.51,-0.14,0.026,-0.001,0.21,0.02,0.22,0.02
"Ryan Reaves","25-26","S.J","R",47,372.17,521,13.6,27.12,0.11,0.001,0.12,0.12,0.09,-0.02,-0.007,-0.008,0.09,0.03,0.09,0.03
"Ryan Shea","25-26","PIT","D",58,954.02,584,14.33,28.59,0.17,0.003,0.17,0.17,0.2,0.03,0.005,0.002,0.16,0.01,0.15,0.01
"Ryan Strome","25-26","ANA","C",32,341.33,431,14.2,28.3,0.33,0.006,0.17,0.16,0.26,-0.08,0.002,-0.005,0.15,0.02,0.14,0.02
"Ryan Winterton","25-26","SEA","C",56,596.1,592,14.15,28.23,0.08,0.009,0.18,0.19,0.17,0.1,0.011,0.002,0.17,0.01,0.18,0.01
"Ryker Evans","25-26","SEA","D",44,695.42,524,14.12,28.13,0.07,0.007,0.15,0.15,0.11,0.04,0.003,-0.004,0.12,0.03,0.13,0.02
"Sam Bennett","25-26","FLA","C",59,808.22,611,14.47,28.95,0.66,0.026,0.23,0.21,0.41,-0.25,0.02,-0.006,0.21,0.02,0.18,0.02
"Sam Carrick","25-26","NYR","C",59,552.32,595,13.73,27.45,0.32,0.012,0.17,0.18,0.17,-0.15,0.007,-0.005,0.15,0.03,0.15,0.03
"Sam Colangelo","25-26","ANA","R",9,85.43,162,13.99,28.18,0.22,-0.011,0.13,0.11,0.24,0.01,-0.007,0.003,0.12,0.01,0.09,0.02
"Sam Dickinson","25-26","S.J","D",47,692.02,510,13.99,27.9,0.3,0.006,0.15,0.14,0.29,-0.01,0.004,-0.002,0.13,0.02,0.13,0.02
"Sam Lafferty","25-26","CHI","C",19,167.97,322,13.86,27.7,0.11,0.014,0.2,0.15,0.06,-0.06,-0.006,-0.02,0.14,0.06,0.12,0.04
"Sam Malinski","25-26","COL","D",58,925.42,593,14.24,28.5,0.26,0.012,0.18,0.17,0.22,-0.03,0.008,-0.004,0.16,0.02,0.15,0.02
"Sam Reinhart","25-26","FLA","C",59,836.57,610,14.84,29.7,0.73,0.026,0.25,0.25,0.56,-0.17,0.028,0.002,0.24,0.01,0.24,0.01
"Sam Rinzel","25-26","CHI","D",32,459.78,432,14.59,29.21,0.42,0.014,0.19,0.18,0.49,0.07,0.017,0.003,0.18,0.01,0.17,0.01
"Sam Steel","25-26","DAL","C",59,793.82,627,14.49,29,0.49,0.016,0.19,0.19,0.4,-0.09,0.018,0.001,0.18,0.01,0.18,0.01
"Sammy Blais","25-26","MTL","L",13,110.4,217,13.57,27.33,0.31,0.005,0.1,0.1,0.16,-0.15,0.004,-0.001,0.11,-0.01,0.1,0
"Sammy Blais","25-26","TOR","L",8,64.47,143,13.54,26.9,0.57,0.012,0.11,0.14,0.48,-0.09,0.011,-0.001,0.11,0,0.13,0.01
"Samuel Girard","25-26","COL","D",40,660.43,485,14.14,28.32,0.14,0.009,0.17,0.17,0.13,-0.01,0.004,-0.006,0.15,0.02,0.14,0.02
"Samuel Helenius","25-26","L.A","C",31,246.23,391,13.67,27.21,0.2,0.018,0.18,0.15,0.02,-0.18,0.001,-0.017,0.13,0.04,0.11,0.04
"Samuel Honzek","25-26","CGY","L",18,193.55,260,14.56,28.95,-0.06,0.009,0.21,0.22,0.03,0.08,0.005,-0.005,0.18,0.02,0.21,0.02
"Sandis Vilmanis","25-26","FLA","L",16,158.22,237,13.83,27.76,0.31,0.02,0.23,0.22,0.13,-0.18,0.006,-0.014,0.17,0.06,0.17,0.05
"Scott Laughton","25-26","TOR","C",42,466.1,531,14.08,28.21,0.56,0.025,0.2,0.2,0.33,-0.23,0.018,-0.007,0.17,0.03,0.17,0.03
"Scott Mayfield","25-26","NYI","D",58,890.33,608,14.08,28.12,0.32,0.013,0.17,0.17,0.24,-0.08,0.006,-0.007,0.14,0.03,0.14,0.03
"Scott Morrow","25-26","NYR","D",29,406.8,395,13.87,27.78,0.48,0.016,0.21,0.21,0.27,-0.21,0.008,-0.009,0.17,0.03,0.17,0.04
"Scott Sabourin","25-26","T.B","R",13,99.93,168,13,26.3,-0.14,-0.012,0.11,0.1,-0.15,-0.01,-0.018,-0.005,0.11,0.01,0.08,0.02
"Sean Couturier","25-26","PHI","C",58,780.2,607,14.38,28.77,0.67,0.019,0.21,0.21,0.46,-0.21,0.018,-0.002,0.19,0.02,0.19,0.02
"Sean Durzi","25-26","UTA","D",38,675.28,501,14.48,29.03,0.54,0.02,0.21,0.2,0.36,-0.17,0.012,-0.009,0.18,0.03,0.17,0.03
"Sean Kuraly","25-26","BOS","C",59,624.17,619,13.89,27.77,0.12,0.003,0.15,0.15,0.09,-0.03,0,-0.004,0.13,0.02,0.14,0.01
"Sean Monahan","25-26","CBJ","C",54,712.97,622,14.59,29.12,0.46,0.021,0.22,0.22,0.44,-0.02,0.021,0,0.2,0.02,0.2,0.02
"Sean Walker","25-26","CAR","D",59,1103.68,621,14.56,29.14,0.4,0.019,0.2,0.2,0.36,-0.05,0.015,-0.004,0.18,0.02,0.18,0.02
"Sebastian Aho","25-26","CAR","C",59,835.5,618,14.93,29.89,0.5,0.024,0.22,0.22,0.41,-0.09,0.022,-0.002,0.21,0.02,0.2,0.02
"Seth Jarvis","25-26","CAR","C",51,694.18,565,14.9,29.8,0.44,0.024,0.23,0.22,0.36,-0.08,0.022,-0.002,0.22,0.02,0.2,0.02
"Seth Jones","25-26","FLA","D",40,674,529,14.55,29.06,0.77,0.026,0.21,0.21,0.5,-0.27,0.022,-0.003,0.19,0.02,0.19,0.02
"Shakir Mukhamadullin","25-26","S.J","D",27,398.13,343,14.38,28.62,0.39,0.012,0.22,0.2,0.39,0,0.007,-0.005,0.19,0.03,0.18,0.02
"Shane Pinto","25-26","OTT","C",49,679.48,580,14.82,29.64,0.61,0.022,0.24,0.25,0.53,-0.08,0.024,0.002,0.23,0.01,0.23,0.01
"Shane Wright","25-26","SEA","C",59,720.55,599,14,27.93,0.02,0.002,0.15,0.16,0.07,0.06,0,-0.002,0.13,0.02,0.14,0.02
"Shayne Gostisbehere","25-26","CAR","D",42,671.73,523,14.26,28.58,0.26,0.012,0.18,0.18,0.2,-0.06,0.008,-0.005,0.16,0.02,0.15,0.02
"Shea Theodore","25-26","VGK","D",47,926.92,538,14.67,29.42,0.53,0.014,0.22,0.21,0.46,-0.07,0.014,0,0.2,0.01,0.2,0.01
"Sidney Crosby","25-26","PIT","C",56,877.18,580,14.89,29.72,0.6,0.022,0.22,0.21,0.44,-0.16,0.018,-0.003,0.2,0.02,0.19,0.02
"Simon Benoit","25-26","TOR","D",52,794.43,603,14.12,28.25,0.49,0.016,0.18,0.17,0.35,-0.14,0.012,-0.005,0.15,0.03,0.15,0.02
"Simon Edvinsson","25-26","DET","D",50,1010.22,527,14.52,29.01,0.35,0.007,0.21,0.21,0.27,-0.08,0.011,0.004,0.19,0.01,0.19,0.02
"Simon Holmstrom","25-26","NYI","R",58,739.17,591,14.49,28.91,0.53,0.022,0.2,0.19,0.47,-0.06,0.02,-0.001,0.18,0.02,0.18,0.02
"Simon Nemec","25-26","N.J","D",46,811.47,570,14.26,28.51,0.42,0.017,0.2,0.2,0.3,-0.12,0.015,-0.002,0.19,0.02,0.18,0.02
"Sonny Milano","25-26","WSH","L",31,241.75,413,13.8,27.49,-0.09,-0.005,0.11,0.13,-0.07,0.02,-0.008,-0.003,0.09,0.01,0.11,0.01
"Spencer Stastney","25-26","EDM","D",30,430.07,369,14.13,28.19,-0.1,-0.011,0.15,0.12,0.13,0.24,-0.003,0.007,0.15,0,0.12,0
"Spencer Stastney","25-26","NSH","D",30,396.98,415,14.09,28.23,0.42,0.015,0.16,0.16,0.24,-0.18,0.003,-0.012,0.13,0.03,0.13,0.03
"Stefan Noesen","25-26","N.J","R",38,374.87,482,13.85,27.72,0.42,0.016,0.19,0.18,0.24,-0.18,0.008,-0.008,0.16,0.03,0.15,0.03
"Stephen Halliday","25-26","OTT","C",27,168.78,377,13.59,26.98,-0.1,-0.001,0.14,0.12,-0.1,0,-0.012,-0.011,0.11,0.04,0.09,0.04
"Steven Lorentz","25-26","TOR","C",52,497.9,576,13.98,27.98,0.33,0.013,0.18,0.17,0.22,-0.11,0.008,-0.004,0.15,0.03,0.15,0.03
"Steven Santini","25-26","T.B","D",9,101.77,144,13.6,27.24,-0.25,-0.019,0.04,0.04,-0.15,0.11,-0.028,-0.01,0.03,0.01,0.02,0.02
"Steven Stamkos","25-26","NSH","C",59,808.98,612,14.55,29.09,0.5,0.018,0.21,0.2,0.38,-0.12,0.013,-0.006,0.18,0.02,0.18,0.02
"Tage Thompson","25-26","BUF","C",60,894.62,600,14.67,29.35,0.77,0.027,0.22,0.22,0.49,-0.28,0.02,-0.008,0.19,0.03,0.19,0.03
"Tanner Jeannot","25-26","BOS","L",55,629.02,611,14.05,28.1,0.28,0.011,0.17,0.16,0.19,-0.09,0.005,-0.006,0.15,0.02,0.15,0.02
"Tanner Laczynski","25-26","VGK","C",10,99.65,164,14.05,28.06,0.13,0.01,0.2,0.19,0.18,0.06,-0.002,-0.013,0.17,0.03,0.15,0.03
"Tanner Pearson","25-26","WPG","L",49,468.75,577,14.2,28.31,0.29,0.014,0.17,0.17,0.3,0.01,0.016,0.002,0.15,0.02,0.16,0.01
"Taylor Hall","25-26","CAR","L",59,727.32,620,13.91,27.84,0.14,0.008,0.15,0.16,0.13,-0.01,-0.001,-0.009,0.12,0.03,0.13,0.03
"Taylor Makar","25-26","COL","L",12,74.52,179,13.57,27.16,-0.1,0.005,0.16,0.18,-0.12,-0.03,-0.008,-0.013,0.12,0.05,0.14,0.04
"Taylor Raddysh","25-26","NYR","R",56,598.48,577,13.88,27.8,0.36,0.015,0.19,0.19,0.28,-0.09,0.016,0.001,0.18,0.02,0.17,0.02
"Taylor Ward","25-26","L.A","R",17,168.8,255,14.04,27.83,-0.16,0.008,0.18,0.18,-0.15,0.01,0.001,-0.007,0.15,0.03,0.15,0.03
"Teddy Blueger","25-26","VAN","C",12,168.02,198,14.59,29.05,-0.05,0.002,0.23,0.21,0.25,0.3,0.022,0.02,0.24,-0.01,0.23,-0.02
"Teuvo Teravainen","25-26","CHI","C",52,653.65,596,14.46,28.87,0.26,0.01,0.2,0.18,0.31,0.05,0.01,0.001,0.18,0.02,0.17,0.01
"Thomas Chabot","25-26","OTT","D",44,791.38,528,14.35,28.72,0.5,0.015,0.21,0.21,0.31,-0.19,0.01,-0.006,0.19,0.03,0.18,0.03
"Thomas Harley","25-26","DAL","D",47,932.22,507,14.42,28.88,0.53,0.022,0.21,0.21,0.4,-0.13,0.02,-0.002,0.19,0.02,0.19,0.02
"Thomas Novak","25-26","PIT","C",58,730.08,585,14.31,28.54,0.2,0.008,0.18,0.17,0.22,0.01,0.006,-0.001,0.16,0.01,0.16,0.01
"Tim Stützle","25-26","OTT","C",59,845.38,627,14.53,29.01,0.47,0.015,0.21,0.2,0.32,-0.15,0.008,-0.006,0.18,0.03,0.17,0.03
"Tim Washe","25-26","ANA","C",15,145.95,217,14.1,27.94,0.21,0.003,0.19,0.18,0.26,0.05,0.004,0,0.17,0.01,0.17,0.02
"Timo Meier","25-26","N.J","R",55,848.8,604,14.64,29.25,0.67,0.023,0.23,0.23,0.46,-0.21,0.024,0.001,0.21,0.02,0.21,0.02
"Timothy Liljegren","25-26","S.J","D",43,715.67,497,14.61,29.16,0.71,0.028,0.22,0.21,0.57,-0.13,0.019,-0.009,0.19,0.03,0.18,0.03
"Tobias Bjornfot","25-26","FLA","D",10,109.8,162,13.64,27.47,-0.23,-0.006,0.17,0.15,-0.2,0.03,-0.009,-0.003,0.14,0.03,0.13,0.02
"Tom Willander","25-26","VAN","D",47,641.07,577,14.2,28.33,0.02,0.005,0.19,0.18,0.12,0.1,0.004,-0.001,0.17,0.02,0.17,0.01
"Tom Wilson","25-26","WSH","R",52,699.08,581,14.81,29.51,0.73,0.023,0.2,0.21,0.56,-0.17,0.022,-0.001,0.18,0.02,0.19,0.02
"Tomas Hertl","25-26","VGK","C",59,784.93,595,14.29,28.61,0.38,0.011,0.18,0.18,0.31,-0.07,0.006,-0.005,0.16,0.02,0.15,0.02
"Tony Deangelo","25-26","NYI","D",60,1014.32,614,14.31,28.56,0.43,0.016,0.19,0.18,0.35,-0.08,0.013,-0.004,0.17,0.02,0.16,0.02
"Travis Hamonic","25-26","DET","D",25,311.13,390,14.32,28.54,0.24,0.008,0.17,0.17,0.26,0.02,0.003,-0.005,0.14,0.03,0.16,0.02
"Travis Konecny","25-26","PHI","R",58,849.27,612,14.61,29.23,0.74,0.025,0.21,0.21,0.52,-0.22,0.022,-0.003,0.2,0.02,0.19,0.02
"Travis Mitchell","25-26","NYI","D",9,102.53,147,13.74,27.68,1.17,0.055,0.22,0.22,0.63,-0.55,0.021,-0.034,0.15,0.07,0.15,0.07
"Travis Sanheim","25-26","PHI","D",59,1130.27,612,14.58,29.16,0.67,0.024,0.22,0.22,0.51,-0.15,0.025,0.001,0.21,0.01,0.2,0.01
"Trent Frederic","25-26","EDM","C",58,622.87,607,13.94,27.85,-0.14,-0.009,0.16,0.14,0.08,0.22,-0.004,0.005,0.15,0.01,0.14,0
"Trevor Moore","25-26","L.A","L",47,626.02,563,14.5,29,0.34,0.013,0.19,0.18,0.35,0.01,0.017,0.004,0.19,0.01,0.18,0.01
"Trevor Van Riemsdyk","25-26","WSH","D",48,652.18,578,14.13,28.2,0.28,0.007,0.16,0.16,0.2,-0.07,0.003,-0.004,0.14,0.02,0.14,0.02
"Trevor Zegras","25-26","PHI","C",59,901.4,612,14.55,29.11,0.73,0.029,0.22,0.22,0.51,-0.22,0.024,-0.005,0.2,0.02,0.19,0.02
"Troy Stecher","25-26","EDM","D",6,79.75,92,14.42,28.69,0.54,-0.001,0.16,0.13,0.33,-0.21,-0.01,-0.009,0.11,0.06,0.1,0.03
"Troy Stecher","25-26","TOR","D",41,727.48,530,14.27,28.57,0.62,0.027,0.2,0.21,0.39,-0.23,0.022,-0.005,0.18,0.02,0.19,0.02
"Troy Terry","25-26","ANA","R",46,619.63,543,14.67,29.29,0.47,0.018,0.21,0.21,0.37,-0.1,0.015,-0.003,0.19,0.02,0.19,0.02
"Ty Dellandrea","25-26","S.J","C",42,477.87,490,14.12,28.15,0.43,0.015,0.19,0.18,0.41,-0.01,0.008,-0.007,0.16,0.03,0.16,0.02
"Ty Emberson","25-26","EDM","D",56,809.73,588,14.02,27.97,-0.27,-0.012,0.15,0.12,-0.04,0.23,-0.009,0.004,0.14,0.01,0.12,0
"Tye Kartye","25-26","SEA","L",40,378.25,494,14.03,27.96,-0.04,0.005,0.15,0.17,0.05,0.09,0.005,0,0.14,0.01,0.16,0.01
"Tyler Bertuzzi","25-26","CHI","L",56,817.23,630,14.68,29.34,0.48,0.021,0.22,0.21,0.41,-0.07,0.019,-0.002,0.2,0.02,0.19,0.02
"Tyler Kleven","25-26","OTT","D",54,814.7,595,14.04,28.01,0.26,0.005,0.17,0.15,0.18,-0.08,-0.001,-0.006,0.14,0.03,0.12,0.03
"Tyler Myers","25-26","VAN","D",57,972.52,633,14.38,28.7,0.21,0.014,0.2,0.2,0.24,0.04,0.015,0.001,0.19,0.02,0.19,0.01
"Tyler Pitlick","25-26","MIN","C",31,239.75,425,13.74,27.43,0.2,0.009,0.16,0.16,0.1,-0.1,0.004,-0.005,0.14,0.02,0.13,0.02
"Tyler Seguin","25-26","DAL","C",27,375.1,397,14.58,29.23,0.65,0.022,0.18,0.19,0.48,-0.17,0.022,0.001,0.17,0.01,0.18,0.01
"Tyler Toffoli","25-26","S.J","C",57,684.1,554,14.66,29.21,0.63,0.021,0.21,0.21,0.55,-0.08,0.018,-0.003,0.19,0.02,0.19,0.02
"Tyler Tucker","25-26","STL","D",54,696.45,584,13.99,27.92,0.2,0.006,0.15,0.16,0.11,-0.09,0.001,-0.004,0.13,0.02,0.14,0.02
"Tyson Foerster","25-26","PHI","R",21,282.52,285,14.66,29.32,0.5,0.018,0.18,0.18,0.33,-0.17,0.021,0.002,0.17,0.01,0.18,0.01
"Tyson Jost","25-26","NSH","C",46,473.5,508,14.02,27.98,0.01,0.001,0.17,0.15,0.05,0.05,-0.002,-0.003,0.15,0.02,0.14,0.01
"Tyson Kozak","25-26","BUF","C",38,383.33,444,14.14,28.28,0.69,0.031,0.21,0.21,0.53,-0.16,0.025,-0.006,0.17,0.03,0.18,0.03
"Urho Vaakanainen","25-26","NYR","D",27,359.73,346,14,27.91,0.27,0.012,0.19,0.18,0.25,-0.02,0.021,0.009,0.19,0,0.18,0
"Uvis Balinskis","25-26","FLA","D",50,718.78,588,14.07,28.15,0.43,0.017,0.2,0.18,0.26,-0.17,0.009,-0.008,0.17,0.03,0.16,0.03
"Valeri Nichushkin","25-26","COL","R",49,658.83,549,14.59,29.19,0.54,0.017,0.22,0.21,0.44,-0.1,0.016,-0.002,0.2,0.01,0.19,0.02
"Vasily Podkolzin","25-26","EDM","R",61,864.87,630,14.61,29.18,0.21,0.005,0.19,0.18,0.28,0.07,0.008,0.003,0.17,0.02,0.17,0.01
"Victor Hedman","25-26","T.B","D",24,344.58,354,14.25,28.48,0.52,0.019,0.2,0.21,0.46,-0.06,0.019,0,0.18,0.02,0.19,0.02
"Victor Mancini","25-26","VAN","D",10,130.1,165,13.9,27.79,0.06,0.007,0.19,0.19,-0.05,-0.11,0.001,-0.005,0.15,0.04,0.16,0.03
"Victor Olofsson","25-26","COL","L",58,626.85,590,14.13,28.27,0.11,0.01,0.18,0.17,0.15,0.04,0.006,-0.004,0.16,0.02,0.15,0.02
"Victor Soderstrom","25-26","BOS","D",8,108.5,127,13.65,27.25,-0.2,-0.013,0.09,0.08,-0.28,-0.07,-0.022,-0.009,0.07,0.01,0.08,0
"Viktor Arvidsson","25-26","BOS","L",47,566.32,542,14.46,28.93,0.32,0.016,0.2,0.2,0.31,-0.01,0.015,-0.001,0.19,0.02,0.19,0.01
"Ville Koivunen","25-26","PIT","R",27,316.37,392,13.91,27.71,0.15,0.008,0.17,0.16,0.06,-0.09,0.003,-0.005,0.15,0.02,0.14,0.02
"Vince Dunn","25-26","SEA","D",58,1070.5,600,14.67,29.26,0.26,0.013,0.21,0.21,0.3,0.03,0.018,0.005,0.2,0.01,0.2,0.01
"Vincent Desharnais","25-26","S.J","D",30,389.73,372,14.08,28.2,0.46,0.013,0.16,0.16,0.48,0.03,0.008,-0.005,0.14,0.02,0.14,0.02
"Vincent Iorio","25-26","S.J","D",21,308.83,303,14.27,28.42,0.27,0.014,0.16,0.17,0.26,-0.01,0.011,-0.004,0.13,0.03,0.15,0.02
"Vincent Trocheck","25-26","NYR","C",45,682.85,502,14.63,29.29,0.99,0.038,0.25,0.26,0.7,-0.28,0.035,-0.003,0.23,0.02,0.24,0.02
"Vinnie Hinostroza","25-26","MIN","C",46,452.73,549,14.04,28.03,0.27,0.007,0.15,0.15,0.22,-0.06,0.009,0.002,0.14,0.01,0.14,0.01
"Vladimir Tarasenko","25-26","MIN","R",53,633.45,598,14.3,28.6,0.25,0.006,0.17,0.17,0.21,-0.04,0.01,0.004,0.16,0.01,0.16,0.01
"Vladislav Gavrikov","25-26","NYR","D",59,1179.27,598,14.47,28.93,0.61,0.021,0.22,0.22,0.44,-0.17,0.023,0.002,0.21,0.01,0.21,0.01
"Vladislav Kolyachonok","25-26","DAL","D",11,134.58,198,13.82,27.53,-0.46,-0.031,0.07,0.09,-0.11,0.35,-0.02,0.011,0.08,0,0.1,-0.01
"Vladislav Namestnikov","25-26","WPG","C",57,651.15,609,14.18,28.34,0.34,0.013,0.18,0.18,0.24,-0.1,0.01,-0.003,0.15,0.02,0.16,0.02
"Warren Foegele","25-26","L.A","L",46,582.75,539,14.55,29.08,0.42,0.025,0.22,0.21,0.38,-0.03,0.025,0,0.21,0.02,0.2,0.01
"Will Cuylle","25-26","NYR","L",59,783.22,595,14.43,28.86,0.66,0.024,0.22,0.23,0.46,-0.2,0.025,0.001,0.21,0.01,0.21,0.01
"Will Smith","25-26","S.J","C",44,611.83,519,14.71,29.34,0.84,0.027,0.2,0.2,0.63,-0.21,0.02,-0.007,0.18,0.02,0.18,0.03
"William Borgen","25-26","NYR","D",52,839.6,565,14.4,28.8,0.6,0.02,0.21,0.22,0.43,-0.18,0.022,0.002,0.2,0.01,0.2,0.02
"William Carrier","25-26","CAR","L",48,527.87,561,14.24,28.47,0.36,0.013,0.19,0.19,0.28,-0.07,0.008,-0.005,0.17,0.02,0.16,0.02
"William Eklund","25-26","S.J","L",53,791.2,531,14.7,29.27,0.62,0.025,0.21,0.21,0.5,-0.12,0.019,-0.006,0.18,0.03,0.19,0.03
"William Karlsson","25-26","VGK","C",14,175.53,202,14.32,28.86,1.08,0.022,0.22,0.19,0.91,-0.18,0.017,-0.005,0.2,0.02,0.17,0.01
"William Nylander","25-26","TOR","R",43,646.82,525,14.57,29.19,0.74,0.024,0.21,0.21,0.49,-0.24,0.02,-0.004,0.18,0.03,0.18,0.03
"Wyatt Johnston","25-26","DAL","C",59,906.3,628,14.65,29.34,0.61,0.021,0.21,0.22,0.45,-0.16,0.021,0,0.2,0.01,0.2,0.02
"Wyatt Kaiser","25-26","CHI","D",57,963.08,633,14.26,28.51,0.33,0.011,0.19,0.18,0.31,-0.03,0.009,-0.002,0.18,0.02,0.17,0.02
"Yakov Trenin","25-26","MIN","C",60,709.37,618,14.05,28.06,0.29,0.013,0.17,0.17,0.23,-0.06,0.012,-0.002,0.15,0.02,0.16,0.02
"Yan Kuznetsov","25-26","CGY","D",44,808.25,546,14.38,28.7,0.16,0.003,0.2,0.18,0.19,0.03,0.007,0.004,0.19,0.01,0.17,0.01
"Yanni Gourde","25-26","T.B","C",58,808.45,599,14.64,29.3,0.49,0.012,0.22,0.22,0.42,-0.07,0.018,0.006,0.21,0,0.21,0.01
"Yegor Chinakhov","25-26","CBJ","R",29,286.58,395,14.02,27.92,0.35,0.017,0.18,0.2,0.42,0.07,0.019,0.002,0.17,0.01,0.18,0.01
"Yegor Chinakhov","25-26","PIT","R",20,249.02,282,14.53,28.91,0.05,-0.007,0.15,0.13,0.1,0.05,-0.007,0,0.13,0.02,0.11,0.02
"Yegor Sharangovich","25-26","CGY","C",54,711.37,602,14.49,28.88,0.14,0.011,0.18,0.18,0.2,0.06,0.013,0.002,0.17,0.01,0.17,0.01
"Zach Aston-Reese","25-26","CBJ","C/L",26,230.9,348,13.88,27.67,0.28,0.015,0.16,0.17,0.3,0.02,0.014,-0.001,0.14,0.02,0.15,0.01
"Zach Benson","25-26","BUF","L",43,569.18,496,14.35,28.65,0.28,0.012,0.18,0.18,0.22,-0.06,0.008,-0.004,0.16,0.02,0.16,0.02
"Zach Bogosian","25-26","MIN","D",27,376.13,406,14.15,28.35,0.43,0.02,0.19,0.19,0.24,-0.19,0.012,-0.009,0.16,0.03,0.16,0.03
"Zach Hyman","25-26","EDM","L",42,657.25,500,14.65,29.27,0.49,0.014,0.2,0.2,0.37,-0.12,0.013,-0.001,0.19,0.01,0.18,0.02
"Zach Metsa","25-26","BUF","D",29,278.53,385,13.79,27.59,0.11,0.006,0.15,0.16,-0.01,-0.13,-0.007,-0.014,0.1,0.05,0.12,0.04
"Zach Werenski","25-26","CBJ","D",54,1151.9,609,14.6,29.15,0.56,0.025,0.22,0.22,0.47,-0.08,0.024,-0.001,0.21,0.02,0.2,0.02
"Zach Whitecloud","25-26","CGY","D",10,206.48,164,14.74,29.39,0.49,0.019,0.23,0.23,0.61,0.12,0.029,0.009,0.22,0.01,0.22,0.01
"Zach Whitecloud","25-26","VGK","D",47,789.93,524,14.24,28.54,0.36,0.007,0.17,0.16,0.3,-0.06,0.004,-0.003,0.15,0.02,0.15,0.02
"Zachary Bolduc","25-26","MTL","R",58,667.75,586,14.21,28.41,0.37,0.016,0.2,0.18,0.26,-0.11,0.008,-0.008,0.17,0.03,0.16,0.03
"Zack Ostapchuk","25-26","S.J","C",34,302.58,411,13.69,27.28,0.3,0.011,0.15,0.15,0.2,-0.1,-0.001,-0.012,0.12,0.04,0.11,0.04
"Zakhar Bardakov","25-26","COL","C",44,302.53,494,13.66,27.37,-0.08,-0.003,0.14,0.13,-0.02,0.06,-0.007,-0.004,0.11,0.02,0.11,0.02
"Zayne Parekh","25-26","CGY","D",15,184.43,218,13.82,27.38,-0.49,-0.012,0.13,0.14,-0.34,0.16,-0.024,-0.012,0.11,0.02,0.11,0.03
"Zeev Buium","25-26","MIN","D",31,467.47,457,14.12,28.22,0.4,0.013,0.16,0.16,0.21,-0.19,0.008,-0.005,0.13,0.03,0.14,0.02
"Zeev Buium","25-26","VAN","D",22,375,302,14.25,28.34,-0.4,-0.015,0.15,0.15,-0.19,0.21,-0.01,0.004,0.14,0.01,0.14,0.01
"Zemgus Girgensons","25-26","T.B","C",51,662.2,564,14.63,29.29,0.52,0.012,0.22,0.23,0.41,-0.11,0.017,0.005,0.22,0,0.22,0.01
