"Player","Season","Team","Position","GP","TOI","TM #","TOI/GP","TOI%","RAPM_C±/60","RAPM_xG±/60","GAR±/60","xGAR±/60","RAPM_CF/60","RAPM_CA/60","RAPM_xGF/60","RAPM_xGA/60","Off_GAR/60","Def_GAR/60","Off_xGAR/60","Def_xGAR/60"
"A.J. Greer","25-26","FLA","L",59,662.87,27,13.61,28.46,1.43,0.046,0.17,0.17,0.77,-0.67,0.015,-0.031,0.09,0.09,0.07,0.1
"Aaron Ekblad","25-26","FLA","D",57,965.68,26,14.04,29.37,2.39,0.068,0.19,0.26,1.14,-1.25,0.044,-0.024,0.18,0.01,0.2,0.06
"Aatu Raty","25-26","VAN","C",45,498.92,32,14.55,29.16,-1,-0.092,-0.03,-0.07,-0.32,0.68,-0.034,0.059,0.08,-0.11,0,-0.07
"Adam Boqvist","25-26","NYI","D",20,240.43,22,13.29,26.5,-1.36,-0.079,0.06,0.06,-0.87,0.49,-0.033,0.046,0.11,-0.05,0.11,-0.05
"Adam Edstrom","25-26","NYR","C",24,227.17,23,13.47,26.66,-0.42,0.003,0.18,0.12,-0.31,0.12,-0.054,-0.057,0.05,0.13,0.01,0.11
"Adam Engstrom","25-26","MTL","D",11,136.78,22,12.52,25.08,-0.33,-0.031,0.1,0.15,-0.36,-0.03,-0.009,0.022,0.14,-0.04,0.17,-0.02
"Adam Erne","25-26","DAL","L",26,243.23,23,13.69,27.43,-0.61,-0.017,0.14,0.13,-1.82,-1.21,-0.066,-0.05,0.05,0.1,0.02,0.1
"Adam Fantilli","25-26","CBJ","C",58,908.72,28,15.75,30.84,1.13,0.055,0.26,0.33,1.43,0.3,0.061,0.006,0.22,0.04,0.32,0.01
"Adam Fox","25-26","NYR","D",32,611.67,30,14.98,29.6,0.13,0.017,0.18,0.17,-0.23,-0.36,-0.035,-0.052,0.06,0.12,0.09,0.08
"Adam Gaudette","25-26","S.J","R",45,462.47,25,13.83,28.38,-1.61,-0.062,0.13,0.06,-1.11,0.5,-0.043,0.02,0.13,0,0.09,-0.03
"Adam Ginning","25-26","PHI","D",5,66.52,21,13.23,26.24,-0.95,-0.004,0.14,0.2,-1.16,-0.21,-0.025,-0.021,0.14,0,0.18,0.02
"Adam Henrique","25-26","EDM","C",46,515.52,28,14.06,27.57,-1,-0.031,-0.03,0.06,-0.87,0.13,-0.019,0.012,0.01,-0.04,0.06,0
"Adam Klapka","25-26","CGY","R",57,563.22,29,13.68,27.45,-0.38,-0.044,-0.06,-0.03,0.26,0.63,-0.032,0.012,-0.03,-0.03,-0.02,-0.01
"Adam Larsson","25-26","SEA","D",59,1095.4,25,14.24,28.04,-1.52,-0.102,0.09,0.06,-0.59,0.93,-0.065,0.038,0.14,-0.05,0.12,-0.05
"Adam Lowry","25-26","WPG","C",46,564.07,27,14.54,29.1,0.49,0.023,0.11,0.16,-0.23,-0.72,-0.009,-0.032,0.05,0.06,0.08,0.08
"Adam Pelech","25-26","NYI","D",60,1068.85,27,13.77,27.4,-0.36,-0.066,0.15,0.1,-0.09,0.27,-0.01,0.057,0.2,-0.05,0.16,-0.06
"Adam Wilsby","25-26","NSH","D",45,696.75,25,13.92,28.03,0.98,0.034,0.17,0.16,0.68,-0.29,0.036,0.001,0.17,0,0.16,0
"Adrian Kempe","25-26","L.A","R",59,870.43,23,14.98,29.75,1.34,0.039,0.18,0.13,0.92,-0.42,-0.017,-0.056,0.08,0.1,0.03,0.1
"Albert Johansson","25-26","DET","D",60,874.28,24,13.1,26.06,-0.32,0.011,0.18,0.09,0.26,0.57,-0.008,-0.019,0.11,0.07,0.05,0.04
"Alec Regula","25-26","EDM","D",29,393.5,26,14.21,27.86,-0.45,0.006,0.07,0.17,-0.07,0.38,0.028,0.022,0.12,-0.05,0.19,-0.02
"Alex Carrier","25-26","MTL","D",59,937.83,27,13.34,26.73,0.11,0.001,0.2,0.23,-0.19,-0.29,0.008,0.007,0.22,-0.02,0.23,0.01
"Alex Debrincat","25-26","DET","R",60,844.55,23,15.07,29.97,0.15,0.021,0.22,0.12,0.41,0.26,0.004,-0.017,0.13,0.09,0.08,0.04
"Alex Holtz","25-26","VGK","R",28,305.63,27,14.75,28.35,0.23,0.011,0.15,0.13,-0.04,-0.27,-0.025,-0.036,0.08,0.07,0.05,0.08
"Alex Iafallo","25-26","WPG","L",58,701.52,27,15.2,30.5,0.29,-0.006,0.12,0.18,-0.13,-0.42,0.004,0.01,0.13,-0.01,0.17,0.01
"Alex Kerfoot","25-26","UTA","C",11,100.5,21,13.78,28.09,0.51,-0.024,0.06,0.05,0.06,-0.45,-0.033,-0.008,0.04,0.02,0.03,0.01
"Alex Killorn","25-26","ANA","L",58,725.68,23,14.43,28.93,0.66,0.021,0.19,0.21,1.21,0.55,0.049,0.028,0.22,-0.03,0.23,-0.03
"Alex Laferriere","25-26","L.A","R",59,823.08,23,15,29.78,0.65,-0.011,0.12,0.08,0.53,-0.12,-0.03,-0.019,0.08,0.04,0.03,0.04
"Alex Newhook","25-26","MTL","C",19,229.7,23,14.55,29.18,-1.46,-0.024,0.24,0.28,-0.79,0.67,0.005,0.029,0.28,-0.04,0.32,-0.04
"Alex Nikishin","25-26","CAR","D",58,899.65,25,13.42,26.56,3.92,0.119,0.31,0.36,2.19,-1.74,0.098,-0.021,0.27,0.04,0.3,0.05
"Alex Ovechkin","25-26","WSH","L",62,774.33,24,15.12,30.64,0.11,0.022,0.21,0.21,0.92,0.82,0.093,0.071,0.29,-0.08,0.29,-0.09
"Alex Petrovic","25-26","DAL","D",51,761.53,24,13.25,26.55,-0.68,0.009,0.2,0.22,-1.01,-0.34,-0.012,-0.021,0.17,0.03,0.19,0.03
"Alex Romanov","25-26","NYI","D",15,252.7,21,13.59,27.12,-0.44,-0.061,0.11,0.13,-0.27,0.17,-0.011,0.05,0.15,-0.04,0.17,-0.04
"Alex Steeves","25-26","BOS","C",38,393.18,27,14.44,29.35,-0.28,-0.053,0.21,0.18,0.45,0.73,-0.026,0.027,0.23,-0.02,0.2,-0.03
"Alex Texier","25-26","MTL","L",31,409.9,25,15.17,30.41,0.45,0.05,0.27,0.37,0.25,-0.2,0.042,-0.007,0.25,0.02,0.34,0.03
"Alex Texier","25-26","STL","L",8,75.6,21,14.01,27.86,-1.09,-0.027,0.12,0.12,-1.19,-0.1,-0.051,-0.024,0.06,0.06,0.06,0.06
"Alex Tuch","25-26","BUF","R",59,840.5,27,15.36,30.91,0.8,0.048,0.35,0.38,0.53,-0.28,0.047,0,0.3,0.05,0.35,0.03
"Alex Turcotte","25-26","L.A","C",52,551.23,23,14.41,28.59,0.63,0.044,0.09,0.1,0.57,-0.06,0.002,-0.042,0.02,0.08,0.04,0.07
"Alex Vlasic","25-26","CHI","D",58,1029.32,25,13.54,27.08,-0.81,-0.087,0.09,0.05,-0.41,0.4,-0.033,0.053,0.15,-0.07,0.12,-0.07
"Alex Wennberg","25-26","S.J","C",57,812.33,27,14.58,29.95,-0.75,-0.048,0.24,0.19,-0.48,0.26,-0.028,0.02,0.21,0.03,0.2,0
"Alexei Toropchenko","25-26","STL","R",43,442,28,14.08,28,-1.6,-0.038,0.16,0.09,-1.4,0.2,-0.061,-0.023,0.09,0.07,0.04,0.06
"Alexis Lafrenière","25-26","NYR","L",59,857.28,30,15.92,31.46,0.1,-0.011,0.18,0.16,0.23,0.13,-0.034,-0.023,0.11,0.07,0.12,0.04
"Aliaksei Protas","25-26","WSH","C",59,904.85,24,14.9,30.23,1.45,0.095,0.36,0.38,1.17,-0.29,0.093,-0.002,0.32,0.04,0.35,0.03
"Anders Lee","25-26","NYI","L",60,773.7,27,15.12,30.11,-0.53,-0.038,0.14,0.15,-0.27,0.26,0.002,0.041,0.19,-0.05,0.2,-0.05
"Andre Burakovsky","25-26","CHI","L",53,750.83,25,14.89,29.78,-2.05,-0.122,0.06,-0.05,-1,1.04,-0.045,0.077,0.17,-0.12,0.06,-0.11
"Andre Lee","25-26","L.A","L",7,71.87,19,13.52,26.67,0.37,0.005,0.09,0.1,0.52,0.15,-0.031,-0.036,0.03,0.05,0.03,0.06
"Andrei Kuzmenko","25-26","L.A","L",52,606.32,23,14.83,29.46,1.27,0.011,0.1,0.09,0.85,-0.43,-0.015,-0.026,0.04,0.06,0.03,0.06
"Andrei Svechnikov","25-26","CAR","R",59,791.72,25,15.22,30.12,4.27,0.099,0.32,0.3,2.36,-1.91,0.081,-0.017,0.29,0.03,0.24,0.06
"Andrew Copp","25-26","DET","C",60,779.45,23,14.92,29.68,-0.01,0.026,0.22,0.17,0.6,0.61,0.02,-0.005,0.14,0.08,0.14,0.03
"Andrew Mangiapane","25-26","EDM","L",52,620.28,29,15.06,29.51,0.24,0.041,0.11,0.21,0.12,-0.12,0.059,0.018,0.14,-0.03,0.2,0
"Andrew Peeke","25-26","BOS","D",56,934.92,29,13.32,27.12,0.42,-0.012,0.25,0.28,0.52,0.1,-0.006,0.006,0.27,-0.02,0.26,0.01
"Angus Crookshank","25-26","N.J","C",8,68.82,21,13.1,25.77,-2.42,-0.114,-0.22,-0.25,-1.22,1.21,-0.091,0.022,-0.16,-0.07,-0.1,-0.15
"Anthony Beauvillier","25-26","WSH","L",62,863.98,24,14.62,29.62,-0.5,0.01,0.22,0.18,0.32,0.82,0.045,0.035,0.24,-0.02,0.23,-0.05
"Anthony Cirelli","25-26","T.B","C",50,630.63,29,15.04,30.63,3.34,0.183,0.49,0.6,2.22,-1.13,0.14,-0.043,0.42,0.07,0.49,0.1
"Anthony Duclair","25-26","NYI","L",54,631.82,27,14.74,29.36,-0.03,0.003,0.12,0.1,-0.06,-0.03,0.015,0.012,0.13,0,0.11,0
"Anthony Mantha","25-26","PIT","R",58,720.33,36,14.61,28.92,0.27,0.052,0.18,0.18,0.39,0.12,0.071,0.02,0.2,-0.02,0.16,0.02
"Anton Lundell","25-26","FLA","C",56,755.53,27,14.95,31.28,1.52,0.064,0.17,0.25,0.61,-0.91,0.042,-0.022,0.16,0.01,0.18,0.06
"Anze Kopitar","25-26","L.A","C",44,604.75,22,15.07,29.9,0.89,-0.036,0.09,0.08,0.54,-0.35,-0.045,-0.009,0.06,0.03,0.05,0.03
"Arber Xhekaj","25-26","MTL","D",51,560.93,27,12.9,25.87,-0.38,-0.019,0.21,0.2,-0.16,0.22,0.004,0.023,0.22,-0.02,0.22,-0.02
"Arseny Gritsyuk","25-26","N.J","R",56,762.45,31,15.17,29.93,0.19,-0.023,0.18,0.11,-0.08,-0.27,-0.034,-0.011,0.09,0.09,0.05,0.06
"Arshdeep Bains","25-26","VAN","L",28,243.6,31,14.16,28.37,-0.04,-0.069,-0.02,0.08,0.06,0.1,-0.021,0.048,0.09,-0.1,0.14,-0.06
"Artem Zub","25-26","OTT","D",58,972.13,25,13.98,28.43,2.29,0.106,0.38,0.39,0.76,-1.54,0.037,-0.069,0.27,0.11,0.27,0.12
"Artemi Panarin","25-26","NYR","L",52,864.52,27,15.68,31.02,-0.49,-0.007,0.18,0.11,-0.35,0.14,-0.042,-0.035,0.08,0.1,0.05,0.06
"Artturi Lehkonen","25-26","COL","L",58,850.37,27,16.11,32.89,3.45,0.131,0.58,0.59,3.34,-0.12,0.127,-0.004,0.56,0.03,0.58,0.01
"Artyom Levshunov","25-26","CHI","D",54,844.38,25,14.05,28.08,-1.33,-0.097,0.06,0.04,-0.77,0.56,-0.036,0.061,0.14,-0.08,0.12,-0.08
"Auston Matthews","25-26","TOR","C",54,869.73,26,15.55,30.34,-1.38,-0.035,0.22,0.19,-0.19,1.19,-0.015,0.02,0.24,-0.02,0.21,-0.03
"Axel Sandin-Pellikka","25-26","DET","D",60,858.77,24,14.03,27.89,-0.84,-0.035,0.12,0.06,0.04,0.88,-0.011,0.024,0.12,0.01,0.09,-0.03
"Barclay Goodrow","25-26","S.J","C",57,527.38,27,12.89,26.48,-1.55,-0.058,0.06,0.13,-1.37,0.18,-0.052,0.007,0.03,0.03,0.1,0.03
"Barrett Hayton","25-26","UTA","C",54,695.15,23,14.82,30.19,1.83,0.076,0.42,0.44,0.86,-0.97,0.047,-0.029,0.34,0.09,0.37,0.07
"Beck Malenstyn","25-26","BUF","L",59,549.82,28,14.09,28.32,0.05,0.026,0.16,0.18,-0.29,-0.34,-0.018,-0.044,0.05,0.11,0.06,0.12
"Beckett Sennecke","25-26","ANA","R",58,856.97,23,14.84,29.78,1.14,0.012,0.14,0.15,1.91,0.78,0.072,0.061,0.23,-0.09,0.23,-0.08
"Ben Chiarot","25-26","DET","D",60,1118.58,24,13.41,26.67,0.39,0.019,0.19,0.17,0.34,-0.05,0.003,-0.017,0.14,0.05,0.12,0.05
"Ben Hutton","25-26","VGK","D",51,735.7,27,13.91,26.68,0.55,0.029,0.21,0.25,0.03,-0.53,-0.015,-0.043,0.15,0.06,0.17,0.08
"Ben Jones","25-26","MIN","C",26,215.05,29,13.32,26.27,-1.37,0,0.1,0.07,-0.23,1.14,-0.021,-0.021,0,0.1,0.02,0.05
"Ben Kindel","25-26","PIT","C",55,693.87,35,14.41,28.51,0.64,0.041,0.12,0.15,0.66,0.02,0.054,0.012,0.12,0,0.14,0.01
"Ben Meyers","25-26","SEA","C",34,346.63,24,13.88,27.29,-1.22,-0.079,0.07,0.03,-1.02,0.2,-0.059,0.02,0.07,0,0,0.03
"Berkly Catton","25-26","SEA","C",43,490.57,25,14.87,29.28,-2.32,-0.075,0.14,0.12,-1.07,1.25,-0.05,0.025,0.12,0.02,0.14,-0.02
"Blake Coleman","25-26","CGY","L",46,616.02,30,15.11,30.37,0.76,-0.02,0.11,0.01,0.62,-0.14,-0.026,-0.007,0.1,0.02,-0.03,0.04
"Blake Lizotte","25-26","PIT","C",48,527.62,35,13.75,27.17,2.41,0.076,0.36,0.19,0.91,-1.5,0.017,-0.059,0.24,0.12,0.08,0.11
"Bo Horvat","25-26","NYI","C",46,643.23,26,15.39,30.65,0.43,-0.053,0.05,0.04,0.19,-0.24,-0.026,0.027,0.06,-0.01,0.08,-0.03
"Bobby Brink","25-26","PHI","R",53,686.73,27,14.85,29.47,-0.5,0.029,0.2,0.24,-0.98,-0.47,-0.027,-0.056,0.11,0.08,0.14,0.1
"Bobby McMann","25-26","TOR","C",59,821.93,27,15.24,29.75,-1.14,-0.026,0.21,0.21,-0.21,0.93,0.002,0.028,0.23,-0.02,0.22,-0.01
"Boone Jenner","25-26","CBJ","C",44,588.42,27,15.36,30.04,1.08,0.049,0.23,0.26,1.18,0.1,0.049,0,0.2,0.03,0.24,0.01
"Bowen Byram","25-26","BUF","D",60,1122.78,28,13.72,27.62,0.24,0.027,0.27,0.22,0.52,0.28,0.043,0.016,0.27,0,0.24,-0.01
"Brad Marchand","25-26","FLA","L",48,598.17,26,14.96,31.28,2.39,0.052,0.19,0.23,1.18,-1.21,0.025,-0.026,0.16,0.03,0.13,0.1
"Braden Schneider","25-26","NYR","D",59,1035.6,30,14.11,27.89,0,0.004,0.17,0.12,-0.22,-0.22,-0.034,-0.038,0.08,0.08,0.06,0.06
"Bradly Nadeau","25-26","CAR","L",8,80.48,22,13.34,26.45,2.58,0.072,0.29,0.14,1.22,-1.36,0.04,-0.033,0.18,0.11,0.04,0.1
"Brady Skjei","25-26","NSH","D",59,1044.77,25,13.77,27.73,0.93,0.033,0.18,0.15,0.6,-0.32,0.035,0.003,0.18,0,0.16,-0.01
"Brady Tkachuk","25-26","OTT","L",39,500.88,25,14.85,30.18,1.82,0.081,0.32,0.31,0.8,-1.02,0.037,-0.044,0.26,0.07,0.22,0.09
"Braeden Bowman","25-26","VGK","R",43,541.48,26,15.64,30,0.1,0.04,0.25,0.29,0.16,0.06,0.012,-0.028,0.19,0.05,0.23,0.06
"Brandon Carlo","25-26","TOR","D",37,616.17,25,14.23,27.78,-0.98,-0.018,0.25,0.28,-0.05,0.93,0.002,0.021,0.29,-0.03,0.3,-0.02
"Brandon Duhaime","25-26","WSH","R",62,600.68,24,14.02,28.43,0.72,0.029,0.17,0.19,0.69,-0.04,0.03,0.001,0.14,0.03,0.17,0.02
"Brandon Hagel","25-26","T.B","L",53,760.28,30,14.75,30.1,2.27,0.125,0.46,0.46,1.33,-0.93,0.117,-0.009,0.45,0.01,0.43,0.03
"Brandon Montour","25-26","SEA","D",41,788,24,13.72,27.03,-2.01,-0.118,0.12,0,-1,1.01,-0.081,0.037,0.15,-0.03,0.05,-0.06
"Brandon Saad","25-26","VGK","L",41,518.8,26,15.08,28.93,0.45,0.018,0.12,0.18,0.09,-0.36,-0.02,-0.038,0.06,0.06,0.11,0.07
"Brandon Tanev","25-26","UTA","L",45,410.18,25,13.47,27.43,0.09,-0.025,0.11,0.08,-0.47,-0.56,-0.056,-0.032,0.03,0.08,0.02,0.07
"Brandt Clarke","25-26","L.A","D",59,1002.33,23,13.66,27.13,0.09,-0.023,0.12,0.02,0.27,0.18,-0.044,-0.021,0.09,0.03,0,0.02
"Brayden McNabb","25-26","VGK","D",40,720.33,25,14.79,28.36,0.74,0.063,0.29,0.39,0.51,-0.23,0.032,-0.031,0.25,0.04,0.34,0.05
"Brayden Pachal","25-26","CGY","D",26,325.68,28,12.98,26.1,0.86,0.005,0.04,0.06,0.8,-0.07,-0.008,-0.013,0.01,0.04,0.03,0.03
"Brayden Point","25-26","T.B","C",40,545.35,29,14.88,30.35,2.5,0.145,0.5,0.53,1.56,-0.94,0.121,-0.024,0.46,0.04,0.47,0.06
"Brayden Schenn","25-26","STL","C",59,837.6,29,15.03,29.87,-0.4,-0.016,0.16,0.12,-0.45,-0.05,-0.024,-0.008,0.12,0.05,0.09,0.03
"Brendan Gallagher","25-26","MTL","R",59,652.3,27,13.98,28.05,-0.36,-0.018,0.07,0.18,-0.46,-0.11,-0.011,0.008,0.08,-0.01,0.16,0.02
"Brendan Gaunce","25-26","CBJ","C",25,249.03,28,13.94,27.29,0.61,0.03,0.19,0.26,0.52,-0.09,0.015,-0.015,0.09,0.1,0.19,0.07
"Brendan Smith","25-26","CBJ","D",15,155.07,23,13.06,25.56,-0.15,-0.003,0.03,0.12,0.76,0.91,0.033,0.036,0.09,-0.06,0.2,-0.08
"Brenden Dillon","25-26","N.J","D",60,917.98,32,14,27.54,0.69,-0.003,0.14,0.05,0.62,-0.07,-0.002,0.002,0.1,0.03,0.05,0
"Brennan Othmann","25-26","NYR","L",17,161.03,25,13.91,27.53,-1.42,-0.035,0.06,0.05,-0.9,0.52,-0.065,-0.03,-0.02,0.08,-0.01,0.06
"Brent Burns","25-26","COL","D",58,924.03,28,13.35,27.25,4.3,0.166,0.58,0.51,2.92,-1.38,0.099,-0.067,0.45,0.13,0.38,0.13
"Brett Berard","25-26","NYR","L",13,136.67,24,13.91,27.51,-1.49,-0.035,0.02,0.01,-0.98,0.5,-0.061,-0.026,-0.04,0.06,-0.04,0.05
"Brett Howden","25-26","VGK","C",39,519.73,23,15.23,29.18,0.46,0.015,0.14,0.2,0.04,-0.42,-0.015,-0.03,0.1,0.04,0.14,0.06
"Brett Kulak","25-26","EDM","D",31,500.05,24,12.96,25.37,-0.56,-0.014,0.07,0.14,-1,-0.44,-0.025,-0.01,0.06,0.01,0.09,0.05
"Brett Kulak","25-26","PIT","D",25,467.67,25,14.09,27.84,0.12,0.025,0.18,0.21,0.73,0.61,0.066,0.04,0.24,-0.06,0.24,-0.04
"Brett Pesce","25-26","N.J","D",36,621.97,28,14.6,28.74,1.38,0.009,0.13,0.06,0.97,-0.41,0.018,0.009,0.11,0.02,0.07,-0.01
"Brian Dumoulin","25-26","L.A","D",59,979.7,23,13.68,27.17,1.92,0.047,0.12,0.15,1.38,-0.54,0.005,-0.042,0.05,0.07,0.07,0.08
"Brian Halonen","25-26","N.J","L",9,67.22,20,13.78,27.12,-2.57,-0.118,-0.09,-0.13,-1.2,1.36,-0.093,0.025,-0.09,0,-0.07,-0.06
"Brock Boeser","25-26","VAN","R",52,723.6,31,15.17,30.38,-1.14,-0.074,-0.01,-0.05,-0.46,0.68,-0.023,0.051,0.07,-0.08,0.02,-0.07
"Brock Faber","25-26","MIN","D",60,1249.45,29,14.96,29.62,0.67,0.06,0.36,0.26,0.8,0.13,0.037,-0.023,0.27,0.09,0.2,0.06
"Brock Nelson","25-26","COL","C",58,799.95,27,14.71,30.03,4.27,0.185,0.54,0.41,3.56,-0.71,0.138,-0.047,0.45,0.09,0.33,0.08
"Bryan Rust","25-26","PIT","R",51,755.8,35,15.7,31.06,0.73,0.02,0.1,0.17,0.73,0,0.05,0.03,0.16,-0.06,0.17,0
"Cale Fleury","25-26","SEA","D",17,276.25,24,13.39,26.37,-1.91,-0.109,0.11,-0.03,-0.86,1.05,-0.067,0.042,0.16,-0.04,0.04,-0.07
"Cale Makar","25-26","COL","D",58,1050.25,28,14.81,30.29,3.85,0.139,0.53,0.51,3.14,-0.71,0.132,-0.007,0.49,0.03,0.48,0.03
"Caleb Jones","25-26","PIT","D",7,107.05,20,13.39,26.53,-0.09,0.02,0.03,0.15,0.32,0.41,0.054,0.034,0.13,-0.1,0.22,-0.06
"Calle Jarnkrok","25-26","TOR","C",38,359.02,27,14.12,27.52,-1.59,-0.017,0.22,0.17,-0.78,0.81,-0.04,-0.023,0.16,0.06,0.11,0.06
"Calum Ritchie","25-26","NYI","C",43,450.45,27,14.25,28.37,-0.82,-0.08,0.02,-0.02,-0.53,0.29,-0.042,0.038,0.08,-0.06,0.04,-0.06
"Cam Fowler","25-26","STL","D",59,1052.63,29,13.66,27.17,-0.79,-0.011,0.12,0.12,-0.9,-0.1,-0.031,-0.02,0.08,0.04,0.09,0.04
"Cam York","25-26","PHI","D",52,906.38,26,14.36,28.51,-0.15,0.033,0.23,0.31,-0.78,-0.64,-0.012,-0.044,0.17,0.06,0.23,0.08
"Carl Grundstrom","25-26","PHI","R",30,329.02,22,14.15,28.11,-0.73,-0.019,0.03,0.04,-1.17,-0.44,-0.06,-0.041,-0.03,0.05,-0.03,0.07
"Carson Soucy","25-26","NYI","D",8,109.43,19,13.29,26.39,-1.38,-0.05,0.13,0.13,-1.38,0,-0.035,0.015,0.11,0.02,0.1,0.03
"Carson Soucy","25-26","NYR","D",46,705.65,27,13.86,27.41,-0.62,-0.028,0.13,0.06,-0.2,0.42,-0.042,-0.014,0.08,0.05,0.05,0.01
"Carter Verhaeghe","25-26","FLA","C",58,822.8,27,14.68,30.7,0.91,0.035,0.16,0.21,0.62,-0.29,0.036,0.001,0.19,-0.03,0.2,0.01
"Casey Cizikas","25-26","NYI","C",59,592.45,27,13.74,27.29,-1.13,-0.061,-0.06,-0.06,-0.9,0.23,-0.039,0.022,-0.04,-0.02,-0.03,-0.04
"Casey Mittelstadt","25-26","BOS","C",49,640.75,28,14.48,29.46,0.08,-0.045,0.28,0.12,0.57,0.49,-0.015,0.03,0.31,-0.03,0.16,-0.04
"Chandler Stephenson","25-26","SEA","C",57,798.42,25,15.16,29.87,-1.32,-0.134,0.07,0.01,-0.51,0.8,-0.097,0.037,0.09,-0.03,0.02,-0.01
"Charle-Edouard D'astous","25-26","T.B","D",46,778.17,28,13.35,27.24,0.97,0.063,0.33,0.33,0.24,-0.73,0.038,-0.026,0.29,0.04,0.28,0.04
"Charles-Alexis Legault","25-26","CAR","D",8,101.57,20,13.1,25.97,3.56,0.093,0.24,0.25,2.21,-1.35,0.083,-0.01,0.22,0.02,0.23,0.02
"Charlie Coyle","25-26","CBJ","C",58,778.97,28,15.52,30.34,0.8,0.083,0.32,0.25,1.09,0.29,0.056,-0.027,0.24,0.08,0.2,0.05
"Charlie McAvoy","25-26","BOS","D",47,818.37,26,13.56,27.56,0.15,-0.04,0.27,0.22,0.32,0.17,-0.015,0.025,0.34,-0.06,0.24,-0.02
"Chris Kreider","25-26","ANA","L",52,663.12,23,14.85,29.86,1.17,0.029,0.22,0.27,1.48,0.31,0.073,0.044,0.29,-0.07,0.31,-0.04
"Chris Tanev","25-26","TOR","D",11,170.45,22,14.66,28.61,-0.79,-0.01,0.29,0.28,-0.31,0.48,-0.015,-0.005,0.28,0.01,0.25,0.03
"Christian Dvorak","25-26","PHI","C",58,824.38,26,15.54,30.87,-0.51,0.025,0.18,0.27,-0.54,-0.04,0.004,-0.02,0.18,0,0.23,0.04
"Claude Giroux","25-26","OTT","R",59,723.38,26,15.15,30.8,1.67,0.104,0.34,0.34,0.38,-1.29,0.028,-0.077,0.22,0.12,0.22,0.12
"Clayton Keller","25-26","UTA","R",59,882.58,25,15.14,30.82,1.33,0.056,0.41,0.36,0.18,-1.15,0.031,-0.025,0.33,0.07,0.3,0.05
"Cody Ceci","25-26","L.A","D",59,905.43,23,13.57,26.95,0.75,0.006,0.08,0.08,0.5,-0.24,-0.02,-0.026,0.02,0.05,0.03,0.05
"Cody Glass","25-26","N.J","C",48,597.98,29,14.99,29.57,0.95,-0.022,0.13,0.09,0.39,-0.56,-0.036,-0.015,0.05,0.09,0.02,0.07
"Cole Caufield","25-26","MTL","R",59,854.48,27,15.97,32.03,0.97,0.059,0.32,0.25,0.86,-0.11,0.054,-0.005,0.28,0.03,0.22,0.03
"Cole Koepke","25-26","WPG","L",42,341.62,27,13.46,27.02,-0.49,-0.019,0.02,0.07,-0.38,0.11,-0.013,0.005,0.08,-0.05,0.08,-0.01
"Cole Perfetti","25-26","WPG","C",44,538.83,26,14.7,29.45,-0.67,-0.011,0.03,0.09,-0.76,-0.08,-0.01,0.002,0,0.02,0.08,0.01
"Cole Reinhardt","25-26","VGK","L",41,395.53,27,14.29,27.42,-0.57,-0.006,0.12,0.07,-0.51,0.07,-0.035,-0.029,0.08,0.04,0.04,0.03
"Cole Schwindt","25-26","FLA","R",22,175.38,24,12.63,26.41,0.69,0.028,0.22,0.16,0,-0.69,-0.014,-0.043,0.11,0.11,0.06,0.1
"Cole Sillinger","25-26","CBJ","C",57,787.22,28,15.53,30.37,1.63,0.11,0.33,0.35,1.5,-0.12,0.081,-0.029,0.25,0.08,0.29,0.05
"Cole Smith","25-26","NSH","R",40,476.75,25,13.92,28.03,-0.19,0.018,0.03,0.03,-0.45,-0.26,0.002,-0.015,-0.01,0.04,0,0.03
"Colin Blackwell","25-26","DAL","C",48,451.5,24,13.52,27.07,-0.58,-0.002,0.16,0.17,-1.81,-1.23,-0.059,-0.058,0.05,0.12,0.04,0.13
"Colin Miller","25-26","WPG","D",15,193.27,25,13.36,26.84,-0.41,-0.048,0.05,0.13,-0.17,0.24,-0.012,0.036,0.12,-0.07,0.19,-0.06
"Collin Graf","25-26","S.J","R",56,718.1,27,14.5,29.78,-0.97,-0.051,0.22,0.15,-0.54,0.43,-0.022,0.029,0.23,-0.01,0.19,-0.04
"Colton Dach","25-26","CHI","C",53,566.45,25,13.88,27.73,-0.85,-0.082,0.12,0.05,-1,-0.15,-0.064,0.018,0.11,0,0.04,0.01
"Colton Parayko","25-26","STL","D",58,1105.78,29,14.15,28.11,-0.31,0.013,0.24,0.19,-0.41,-0.09,0.004,-0.009,0.17,0.06,0.16,0.04
"Colton Sissons","25-26","VGK","C",43,432.15,24,14.31,27.43,-0.11,-0.001,0.06,0.14,-0.61,-0.51,-0.044,-0.042,0.01,0.06,0.05,0.09
"Colton White","25-26","N.J","D",23,278.28,26,13.25,26.04,0.22,0.001,0.08,0.05,-0.12,-0.33,-0.028,-0.029,0.02,0.06,0.02,0.04
"Connor Bedard","25-26","CHI","C",46,767.73,24,14.54,29.05,-1.58,-0.1,0.01,-0.04,-0.53,1.05,-0.028,0.072,0.11,-0.11,0.07,-0.1
"Connor Brown","25-26","N.J","R",53,710.18,29,14.92,29.39,1.16,-0.01,0.15,0.14,0.56,-0.59,-0.023,-0.013,0.09,0.07,0.1,0.04
"Connor Clifton","25-26","PIT","D",28,409.85,33,13.05,25.83,1.11,0.065,0.24,0.31,0.92,-0.2,0.055,-0.01,0.19,0.05,0.26,0.06
"Connor Dewar","25-26","PIT","C",58,623.22,36,14.03,27.71,2.56,0.108,0.36,0.3,1.26,-1.3,0.043,-0.064,0.21,0.15,0.14,0.16
"Connor McDavid","25-26","EDM","C",61,1066.7,29,15.95,31.28,0.56,0.08,0.21,0.3,0.72,0.16,0.121,0.042,0.3,-0.09,0.35,-0.05
"Connor McMichael","25-26","WSH","C",58,750.92,24,14.74,29.9,0.9,0.052,0.25,0.3,0.88,-0.02,0.071,0.018,0.26,-0.01,0.3,0
"Connor Murphy","25-26","CHI","D",59,783.72,25,13.68,27.35,-0.94,-0.088,0.06,0.03,-0.78,0.16,-0.047,0.04,0.1,-0.04,0.08,-0.05
"Connor Zary","25-26","CGY","C",56,708.48,30,14.9,29.9,0.49,0.004,0.06,0.05,0.8,0.31,-0.001,-0.005,0.04,0.02,0.03,0.02
"Conor Garland","25-26","VAN","R",48,669.13,31,15.34,30.66,-1.43,-0.088,0.01,-0.05,-0.78,0.65,-0.044,0.044,0.06,-0.05,-0.01,-0.04
"Conor Geekie","25-26","T.B","C",6,56.48,19,13.37,27.37,1.26,0.092,0.2,0.33,0.54,-0.72,0.061,-0.031,0.16,0.04,0.27,0.05
"Conor Sheary","25-26","NYR","L",39,507.37,28,15.01,29.69,-0.62,-0.005,0.17,0.15,-0.57,0.05,-0.044,-0.04,0.08,0.1,0.07,0.08
"Conor Timmins","25-26","BUF","D",33,523.55,27,14,28.19,0.24,0.014,0.25,0.24,0.25,0,0.024,0.01,0.24,0.01,0.24,0
"Corey Perry","25-26","L.A","R",48,528.03,23,14.48,28.7,1.33,0.019,0.09,0.09,1.03,-0.3,-0.01,-0.029,0.03,0.05,0.03,0.06
"Curtis Douglas","25-26","T.B","C",29,172.88,27,12.77,26.08,0.66,0.056,0.2,0.25,-0.26,-0.92,0.017,-0.039,0.09,0.11,0.15,0.09
"Curtis Lazar","25-26","EDM","C",37,306.88,29,13.62,26.73,-0.86,-0.035,-0.11,0.06,-0.99,-0.13,-0.03,0.005,-0.07,-0.04,0.04,0.02
"Cutter Gauthier","25-26","ANA","L",57,801.25,23,14.91,29.93,0.66,0.013,0.13,0.21,1.5,0.84,0.085,0.072,0.25,-0.11,0.3,-0.09
"Daemon Hunt","25-26","MIN","D",28,303.57,28,13.04,25.74,-0.69,-0.005,0.12,0.09,0.28,0.97,0.007,0.012,0.13,0,0.13,-0.04
"Dakota Joshua","25-26","TOR","C",38,428.92,25,14.5,28.3,-1.4,-0.04,0.19,0.14,-0.57,0.83,-0.043,-0.003,0.16,0.03,0.11,0.03
"Dakota Mermis","25-26","TOR","D",11,135.57,23,13.64,26.59,-0.87,-0.016,0.26,0.24,-0.14,0.73,-0.019,-0.002,0.24,0.01,0.23,0
"Dalibor Dvorsky","25-26","STL","R",49,597.3,28,14.71,29.28,-0.48,-0.018,0.09,0.07,-0.5,-0.02,-0.025,-0.007,0.06,0.03,0.06,0.02
"Damon Severson","25-26","CBJ","D",57,1073.33,28,14.58,28.53,0.64,0.028,0.3,0.23,0.83,0.19,0.038,0.011,0.27,0.03,0.23,-0.01
"Daniil but","25-26","UTA","L",28,310.68,22,14.33,29.18,1.9,0.104,0.37,0.27,1.22,-0.68,0.075,-0.029,0.29,0.08,0.22,0.04
"Danila Yurov","25-26","MIN","R",53,655.82,29,15.35,30.35,-0.93,0.027,0.22,0.15,0.02,0.95,0.015,-0.013,0.16,0.06,0.14,0.01
"Dante Fabbro","25-26","CBJ","D",52,742.68,28,13.43,26.31,0.95,0.023,0.19,0.16,0.95,0,0.031,0.008,0.17,0.02,0.15,0.01
"Danton Heinen","25-26","CBJ","L",14,142.15,24,14.59,28.59,1.23,0.046,0.23,0.2,1.29,0.06,0.033,-0.013,0.14,0.09,0.14,0.05
"Danton Heinen","25-26","PIT","L",13,137.07,27,14.03,27.68,2.78,0.093,0.19,0.21,1.42,-1.36,0.042,-0.051,0.08,0.11,0.1,0.11
"Darnell Nurse","25-26","EDM","D",61,1160.2,29,14,27.39,0.08,-0.005,0.12,0.21,0.03,-0.05,0.023,0.028,0.19,-0.06,0.23,-0.02
"Darren Raddysh","25-26","T.B","D",52,891.48,30,14.15,28.85,3.29,0.15,0.42,0.5,1.67,-1.61,0.096,-0.054,0.35,0.07,0.4,0.11
"David Jiricek","25-26","MIN","D",25,279.13,28,12.9,25.47,-1.39,-0.019,0.08,0.02,-0.28,1.11,-0.016,0.003,0.05,0.03,0.03,0
"David Kampf","25-26","VAN","C",36,477.57,28,14.89,29.8,-1.19,-0.092,-0.06,-0.07,-0.31,0.88,-0.027,0.065,0.05,-0.11,0.01,-0.08
"David Pastrnak","25-26","BOS","R",54,864.9,28,14.66,29.83,-0.68,-0.066,0.23,0.2,0.1,0.79,-0.032,0.034,0.25,-0.03,0.24,-0.03
"David Perron","25-26","OTT","L",49,546.48,25,14.51,29.48,1.65,0.087,0.28,0.31,0.52,-1.14,0.02,-0.067,0.17,0.11,0.19,0.12
"David Tomasek","25-26","EDM","R",22,195.5,25,14.17,27.72,-0.66,0,0,0.08,-0.58,0.08,0.004,0.004,0.01,-0.01,0.05,0.03
"Dawson Mercer","25-26","N.J","C",60,853.7,31,15.49,30.51,1.44,0.017,0.09,0.08,1.13,-0.31,0.02,0.003,0.05,0.04,0.06,0.02
"Declan Carlile","25-26","T.B","D",35,461.3,27,12.77,26.02,1.34,0.055,0.25,0.31,0.44,-0.9,0.034,-0.02,0.2,0.05,0.25,0.07
"Declan Chisholm","25-26","WSH","D",24,315.4,24,13.22,26.79,0.15,0.041,0.21,0.24,0.47,0.33,0.064,0.023,0.21,0,0.26,-0.02
"Dennis Cholowski","25-26","N.J","D",15,212,26,13.3,26.13,0.35,-0.004,0.12,0.02,0.41,0.06,-0.015,-0.011,0.08,0.04,0.01,0.02
"Denton Mateychuk","25-26","CBJ","D",51,869.85,28,14.52,28.39,1.57,0.077,0.3,0.28,1.61,0.03,0.073,-0.004,0.27,0.04,0.27,0.01
"Denver Barkey","25-26","PHI","C",24,277.32,21,15.25,30.28,0.73,0.056,0.16,0.2,-0.3,-1.03,-0.005,-0.061,0.09,0.07,0.11,0.09
"Devon Toews","25-26","COL","D",45,821.5,25,14.75,30.12,3.06,0.127,0.56,0.61,3.01,-0.04,0.114,-0.013,0.52,0.04,0.58,0.03
"Dmitri Simashev","25-26","UTA","D",24,364.92,22,13.75,27.97,1.32,0.04,0.36,0.36,0.66,-0.65,0.037,-0.003,0.35,0.01,0.35,0.01
"Dmitri Voronkov","25-26","CBJ","L",58,689.73,28,15.88,31.04,1.08,0.042,0.22,0.3,1.35,0.27,0.067,0.025,0.22,0,0.33,-0.03
"Dmitry Orlov","25-26","S.J","D",57,996.6,27,13.79,28.32,-1.29,-0.041,0.29,0.25,-0.86,0.43,-0.019,0.022,0.31,-0.02,0.3,-0.04
"Dominic James","25-26","T.B","C",43,488.35,28,13.7,27.91,1.05,0.08,0.33,0.28,0.15,-0.91,0.033,-0.047,0.25,0.08,0.19,0.09
"Donovan Sebrango","25-26","FLA","D",19,227.12,24,12.08,25.25,0.97,0.041,0.14,0.14,0.53,-0.43,0.006,-0.035,0.09,0.06,0.08,0.06
"Dougie Hamilton","25-26","N.J","D",55,963.98,30,14.3,28.17,0.86,0.009,0.07,0.04,0.4,-0.46,0.004,-0.005,0.03,0.04,0.02,0.02
"Drake Batherson","25-26","OTT","R",56,783.17,25,14.59,29.69,1.67,0.094,0.36,0.37,0.66,-1.01,0.035,-0.059,0.25,0.1,0.24,0.12
"Drew Doughty","25-26","L.A","D",50,963.23,23,13.92,27.62,0.74,0.013,0.1,0.09,0.43,-0.31,-0.017,-0.03,0.05,0.05,0.04,0.04
"Drew Helleson","25-26","ANA","D",49,764.92,23,13.6,27.32,1.22,0.023,0.16,0.19,1.43,0.21,0.073,0.051,0.26,-0.1,0.26,-0.06
"Drew O'Connor","25-26","VAN","L",59,727.85,32,14.58,29.2,-0.99,-0.099,-0.04,-0.08,-0.55,0.44,-0.049,0.05,0.06,-0.1,-0.02,-0.06
"Dylan Cozens","25-26","OTT","C",59,790.1,26,14.47,29.45,1.2,0.09,0.32,0.31,0.5,-0.7,0.03,-0.06,0.23,0.1,0.21,0.1
"Dylan Demelo","25-26","WPG","D",58,1091.23,27,14.59,29.29,-0.24,-0.001,0.3,0.29,-0.37,-0.12,0.009,0.01,0.3,0,0.29,0
"Dylan Guenther","25-26","UTA","R",57,736.08,25,14.67,29.84,1.42,0.087,0.38,0.32,0.53,-0.89,0.056,-0.031,0.3,0.08,0.26,0.06
"Dylan Holloway","25-26","STL","L",36,533.53,27,15.02,29.82,-0.33,0.024,0.15,0.2,-0.51,-0.17,-0.007,-0.031,0.06,0.09,0.13,0.06
"Dylan Larkin","25-26","DET","C",60,878.25,24,15.56,30.92,1.1,0.046,0.25,0.25,0.34,-0.76,0.003,-0.043,0.14,0.11,0.15,0.1
"Dylan McIlrath","25-26","WSH","D",11,99.42,22,12.56,25.47,-0.08,0.029,0.18,0.18,0.24,0.32,0.036,0.007,0.17,0.01,0.2,-0.01
"Dylan Samberg","25-26","WPG","D",42,766.93,25,13.63,27.28,0.4,-0.024,0.1,0.12,0.21,-0.18,-0.001,0.023,0.13,-0.03,0.14,-0.02
"Dylan Strome","25-26","WSH","C",60,864,24,14.91,30.23,0.5,0.021,0.22,0.25,1.04,0.53,0.08,0.059,0.28,-0.06,0.32,-0.07
"Easton Cowan","25-26","TOR","R",44,524.2,26,14.98,29.24,-1.23,-0.027,0.26,0.18,-0.38,0.86,-0.018,0.01,0.24,0.02,0.17,0.01
"Eeli Tolvanen","25-26","SEA","R",58,746.45,25,15.28,30.1,-2.83,-0.177,-0.05,-0.03,-1.29,1.54,-0.096,0.082,0.05,-0.1,0.07,-0.11
"Eetu Luostarinen","25-26","FLA","C",51,666.27,26,14.95,31.25,0.71,0.014,0.12,0.14,0.19,-0.52,0.001,-0.014,0.13,-0.01,0.12,0.02
"Egor Zamula","25-26","CBJ","D",10,138.92,24,13.67,26.77,0.69,0.025,0.22,0.13,0.97,0.29,0.033,0.008,0.18,0.04,0.12,0.01
"Egor Zamula","25-26","PHI","D",13,173.65,22,13.33,26.41,-0.91,-0.002,0.14,0.19,-0.99,-0.08,-0.023,-0.022,0.13,0.01,0.17,0.02
"Elias Lindholm","25-26","BOS","C",46,609.4,27,15.15,30.84,0.09,-0.052,0.32,0.25,0.36,0.27,-0.024,0.028,0.34,-0.02,0.25,0
"Elias Pettersson","25-26","VAN","C",51,710.82,31,15.27,30.6,-1.24,-0.087,-0.01,-0.13,-0.21,1.03,-0.004,0.083,0.12,-0.13,-0.03,-0.1
"Elias Pettersson (D)","25-26","VAN","D",49,652.48,32,13.58,27.2,-0.8,-0.09,-0.04,-0.04,-0.09,0.71,-0.019,0.07,0.1,-0.14,0.07,-0.11
"Elias Salomonsson","25-26","WPG","D",15,238.38,21,14.13,28.2,0.92,0.016,0.19,0.22,0.08,-0.84,0.006,-0.009,0.16,0.02,0.17,0.05
"Elmer Soderblom","25-26","DET","L",39,408.22,23,14.09,28,-0.53,-0.009,0.04,0.07,-0.01,0.52,-0.013,-0.004,-0.01,0.05,0.05,0.02
"Emil Andrae","25-26","PHI","D",42,668.52,27,13.6,27,-0.9,0.008,0.15,0.2,-1.06,-0.16,-0.023,-0.031,0.12,0.03,0.16,0.03
"Emil Heineman","25-26","NYI","L",60,829.35,27,15.23,30.38,0.85,0.005,0.17,0.23,0.3,-0.55,0.014,0.008,0.17,0,0.21,0.02
"Emil Martinsen Lilleberg","25-26","T.B","D",34,517.45,28,13.43,27.37,1.9,0.117,0.35,0.42,0.78,-1.13,0.076,-0.041,0.27,0.08,0.33,0.09
"Emmitt Finnie","25-26","DET","C",60,781.22,24,15.54,30.89,0.9,0.021,0.27,0.25,0.63,-0.28,0.005,-0.015,0.21,0.07,0.21,0.04
"Eric Robinson","25-26","CAR","L",46,479.08,24,14,27.72,3.5,0.079,0.3,0.22,1.97,-1.53,0.062,-0.017,0.24,0.06,0.14,0.08
"Erik Cernak","25-26","T.B","D",39,589.83,28,13.68,27.93,1.71,0.129,0.38,0.52,0.81,-0.9,0.082,-0.047,0.29,0.09,0.43,0.09
"Erik Gudbranson","25-26","CBJ","D",16,227.47,24,14,27.43,0.36,0.019,0.25,0.18,0.77,0.41,0.03,0.011,0.22,0.03,0.17,0.01
"Erik Haula","25-26","NSH","L",59,753.37,25,14.68,29.54,0.89,0.043,0.13,0.16,0.84,-0.05,0.059,0.016,0.16,-0.03,0.17,-0.01
"Erik Karlsson","25-26","PIT","D",53,939.2,36,14.02,27.72,0.66,0.026,0.14,0.2,0.31,-0.35,0.05,0.025,0.18,-0.04,0.21,-0.01
"Esa Lindell","25-26","DAL","D",59,1093.7,24,14.28,28.6,-0.01,0.052,0.31,0.28,-0.6,-0.59,0.018,-0.034,0.22,0.09,0.21,0.06
"Ethan Cardwell","25-26","S.J","R",7,79.85,24,13.7,28.09,-2.35,-0.085,0.07,0.04,-1.29,1.06,-0.053,0.031,0.07,0,0.08,-0.04
"Ethen Frank","25-26","WSH","C",51,559.73,24,14.02,28.41,0.78,0.026,0.1,0.18,0.68,-0.1,0.031,0.005,0.07,0.02,0.16,0.02
"Evan Bouchard","25-26","EDM","D",61,1123.43,29,15.32,30.03,1.72,0.105,0.27,0.34,1.14,-0.58,0.142,0.037,0.34,-0.07,0.37,-0.03
"Evan Rodrigues","25-26","FLA","C",58,776.42,26,14.21,29.72,1.39,0.033,0.12,0.11,0.54,-0.84,0,-0.033,0.07,0.05,0.04,0.08
"Evander Kane","25-26","VAN","L",58,841.77,32,14.95,29.96,-1.38,-0.088,-0.03,-0.04,-0.56,0.83,-0.034,0.054,0.07,-0.1,0.03,-0.07
"Evgeni Malkin","25-26","PIT","C",43,605.57,35,14.47,28.59,0.3,0.04,0.2,0.27,0.61,0.31,0.064,0.024,0.23,-0.04,0.28,-0.01
"Evgeny Dadonov","25-26","N.J","L",17,171.32,25,15.02,29.65,-0.07,-0.018,0.06,0.05,-0.07,0.01,-0.025,-0.007,0,0.06,0.02,0.03
"Fabian Zetterlund","25-26","OTT","L",59,714.68,26,14.34,29.18,1.51,0.079,0.3,0.29,0.68,-0.82,0.024,-0.055,0.21,0.09,0.19,0.1
"Fedor Svechkov","25-26","NSH","C",49,548.28,24,13.95,28.08,0.22,0.013,0.14,0.12,0.22,0,0.017,0.004,0.13,0.01,0.12,0
"Filip Chytil","25-26","VAN","C",12,159.82,27,15.01,30.1,-1.18,-0.085,-0.06,-0.1,-0.42,0.76,-0.027,0.058,0.04,-0.1,-0.04,-0.06
"Filip Forsberg","25-26","NSH","L",59,889.2,25,14.9,30,0.92,0.045,0.23,0.2,0.55,-0.37,0.046,0,0.21,0.02,0.19,0.02
"Filip Hallander","25-26","PIT","C",13,153.77,22,15.01,29.67,1.13,0.05,0.07,0.17,1.05,-0.08,0.076,0.026,0.12,-0.05,0.19,-0.01
"Filip Hronek","25-26","VAN","D",59,1163.33,32,13.93,27.93,-0.84,-0.06,0.02,0.02,-0.19,0.65,-0.008,0.052,0.12,-0.1,0.07,-0.06
"Frank Nazar","25-26","CHI","C",43,584.32,25,14.48,28.94,-0.98,-0.096,0.04,0.05,-0.74,0.25,-0.056,0.039,0.07,-0.03,0.1,-0.04
"Frank Vatrano","25-26","ANA","R",38,398.83,21,14.12,28.31,0.77,0.048,0.18,0.21,0.91,0.15,0.049,0.001,0.16,0.03,0.18,0.03
"Fraser Minten","25-26","BOS","C",59,728.33,29,14.19,28.85,-0.17,-0.042,0.19,0.13,0.53,0.7,-0.014,0.029,0.22,-0.03,0.15,-0.03
"Frederick Gaudreau","25-26","SEA","C",46,616.58,24,14.53,28.6,-1.89,-0.126,0.01,0.03,-0.77,1.12,-0.068,0.058,0.08,-0.07,0.09,-0.06
"Gabe Perreault","25-26","NYR","R",26,362.68,27,15.5,30.66,-1.16,-0.022,0.12,0.11,-0.53,0.63,-0.042,-0.02,0.05,0.06,0.09,0.03
"Gabriel Landeskog","25-26","COL","L",44,574.35,24,15.16,30.95,3.85,0.161,0.54,0.53,3.12,-0.73,0.118,-0.043,0.45,0.09,0.46,0.07
"Gabriel Vilardi","25-26","WPG","C",58,866.45,27,16.27,32.62,0.03,-0.013,0.26,0.31,-0.03,-0.06,0.009,0.022,0.26,0,0.32,-0.01
"Gage Goncalves","25-26","T.B","C",54,594.82,30,14.09,28.73,1.53,0.08,0.29,0.34,0.6,-0.93,0.046,-0.035,0.22,0.07,0.27,0.07
"Garnet Hathaway","25-26","PHI","R",50,447.2,27,13.55,26.9,-1.14,-0.044,0.01,0,-1.26,-0.11,-0.064,-0.02,-0.01,0.02,-0.03,0.03
"Gavin Brindley","25-26","COL","C",45,392.15,25,13.37,27.24,3.37,0.131,0.43,0.37,2.64,-0.73,0.068,-0.063,0.31,0.12,0.27,0.1
"Gustav Forsling","25-26","FLA","D",59,1086.52,27,13.62,28.49,0.92,0.017,0.16,0.15,0.7,-0.22,0.027,0.009,0.18,-0.03,0.16,-0.01
"Gustav Nyquist","25-26","WPG","R",37,382.33,25,14.21,28.55,-0.38,-0.005,0,0.11,-0.46,-0.08,-0.007,-0.002,0.01,-0.01,0.1,0.01
"Hampus Lindholm","25-26","BOS","D",45,759.38,28,13.4,27.26,-0.06,-0.049,0.2,0.2,0.44,0.5,-0.023,0.026,0.26,-0.06,0.24,-0.03
"Harrison Brunicke","25-26","PIT","D",9,136.08,21,13.31,26.31,-0.01,0.023,0.04,0.02,0.56,0.57,0.054,0.031,0.18,-0.14,0.14,-0.12
"Hayden Hodgson","25-26","OTT","R",9,56.8,20,13.33,27.07,0.95,0.085,0.3,0.35,-0.02,-0.97,-0.011,-0.096,0.11,0.19,0.16,0.19
"Haydn Fleury","25-26","WPG","D",17,200.83,23,13.07,26.36,-1.09,-0.073,0.02,0.04,-0.35,0.74,-0.03,0.042,0.1,-0.08,0.1,-0.07
"Hendrix Lapierre","25-26","WSH","C",57,470.17,24,13.71,27.76,0.33,0.038,0.19,0.24,0.47,0.14,0.047,0.009,0.18,0.01,0.24,-0.01
"Henri Jokiharju","25-26","BOS","D",35,565.55,26,13.43,27.28,0.26,-0.029,0.25,0.22,0.43,0.18,-0.009,0.02,0.29,-0.05,0.22,0
"Henry Thrun","25-26","TOR","D",4,57.62,18,13.46,26.3,-1.94,-0.043,0.16,0.18,-0.9,1.04,-0.04,0.003,0.17,-0.01,0.19,-0.01
"Hunter Brzustewicz","25-26","CGY","D",18,235.58,23,12.72,25.55,1.06,0.006,0,0.04,0.8,-0.26,-0.013,-0.018,-0.02,0.01,0,0.04
"Ian Cole","25-26","UTA","D",59,872.68,25,12.93,26.3,1.59,0.048,0.27,0.3,0.74,-0.85,0.026,-0.022,0.2,0.06,0.24,0.05
"Ian Moore","25-26","ANA","D",43,583.93,23,13.39,26.86,0.46,0.007,0.16,0.15,0.94,0.48,0.048,0.041,0.22,-0.06,0.2,-0.05
"Igor Chernyshov","25-26","S.J","L",15,213.27,24,15.37,31.53,-0.76,-0.043,0.29,0.2,-0.65,0.11,0.012,0.055,0.34,-0.06,0.25,-0.05
"Ilya Lyubushkin","25-26","DAL","D",41,589.72,24,13.62,27.28,-0.5,0.02,0.24,0.24,-0.79,-0.3,0,-0.021,0.19,0.05,0.21,0.04
"Ilya Mikheyev","25-26","CHI","R",54,783.17,25,14.34,28.64,0.36,-0.072,0.12,0.1,-0.48,-0.85,-0.067,0.004,0.1,0.02,0.06,0.04
"Ilya Solovyov","25-26","COL","D",16,181.58,23,12.74,25.98,4.02,0.153,0.48,0.4,2.87,-1.15,0.085,-0.068,0.34,0.14,0.29,0.11
"Ilya Solovyov","25-26","PIT","D",5,66.52,21,12.99,25.87,1.02,0.077,0.31,0.37,0.66,-0.36,0.066,-0.01,0.29,0.02,0.32,0.04
"Isaac Howard","25-26","EDM","L",28,273.38,26,14.37,28.15,-0.39,-0.026,0.01,0.1,-0.2,0.19,0.006,0.032,0.09,-0.08,0.14,-0.04
"Isac Lundestrom","25-26","CBJ","C",44,468.62,27,14.48,28.34,0.75,0.048,0.17,0.27,1.12,0.38,0.043,-0.005,0.15,0.03,0.27,-0.01
"Isak Rosen","25-26","BUF","R",16,165.55,26,14.65,29.45,-0.43,-0.024,0.21,0.17,-0.21,0.22,-0.009,0.015,0.18,0.03,0.17,0
"Ivan Barbashev","25-26","VGK","L",59,892.15,27,15.99,30.67,1.07,0.095,0.44,0.44,0.68,-0.38,0.049,-0.046,0.36,0.08,0.35,0.1
"Ivan Demidov","25-26","MTL","R",59,713.62,27,14.87,29.82,-1.57,-0.063,0.21,0.21,-0.58,0.99,-0.003,0.06,0.28,-0.06,0.3,-0.09
"Ivan Ivan","25-26","COL","C",7,52.45,21,12.11,24.66,1.94,0.067,0.44,0.24,1.55,-0.39,0.018,-0.049,0.33,0.1,0.14,0.1
"Ivan Provorov","25-26","CBJ","D",58,1180.07,28,14.34,28.07,1.64,0.082,0.31,0.29,1.59,-0.05,0.076,-0.007,0.27,0.05,0.27,0.02
"J.T. Compher","25-26","DET","L",60,762.18,24,14.43,28.71,-0.08,-0.001,0.12,0.11,0.2,0.28,-0.01,-0.008,0.04,0.08,0.07,0.04
"J.T. Miller","25-26","NYR","C",50,750.85,29,15.84,31.31,-0.27,-0.003,0.12,0.09,-0.12,0.14,-0.036,-0.033,0.03,0.1,0.04,0.05
"Jaccob Slavin","25-26","CAR","D",19,322.4,19,14.07,27.86,3.72,0.038,0.24,0.2,2.31,-1.41,0.065,0.027,0.31,-0.06,0.24,-0.04
"Jack Ahcan","25-26","COL","D",9,102.37,21,13.07,26.67,3.96,0.154,0.47,0.39,2.86,-1.1,0.091,-0.063,0.35,0.12,0.3,0.09
"Jack Devine","25-26","FLA","R",6,50.05,18,12.06,25.15,-0.46,-0.007,-0.09,-0.03,-0.57,-0.11,-0.046,-0.039,-0.14,0.05,-0.12,0.09
"Jack Drury","25-26","COL","C",58,710.37,26,13.61,27.75,3.9,0.147,0.45,0.4,2.89,-1.01,0.075,-0.073,0.3,0.15,0.27,0.13
"Jack Eichel","25-26","VGK","C",51,800.43,27,16.06,30.81,-0.12,0.041,0.35,0.32,-0.13,-0.01,0.009,-0.032,0.28,0.07,0.25,0.06
"Jack Finley","25-26","T.B","C",22,176.48,28,12.79,26.11,0.96,0.063,0.25,0.22,-0.12,-1.09,0.01,-0.053,0.12,0.13,0.1,0.12
"Jack Hughes","25-26","N.J","C",39,650.47,28,15.35,30.24,1.96,0.049,0.08,0.12,1.59,-0.37,0.04,-0.009,0.03,0.05,0.09,0.03
"Jack McBain","25-26","UTA","C",59,696.08,25,14.23,28.98,2.61,0.107,0.37,0.41,1.67,-0.94,0.078,-0.029,0.29,0.08,0.33,0.08
"Jack Quinn","25-26","BUF","R",60,789.18,28,15.01,30.22,0.7,0.035,0.26,0.28,0.16,-0.54,0.044,0.01,0.28,-0.02,0.25,0.03
"Jack Roslovic","25-26","EDM","C",48,714.4,29,15.3,29.95,-0.07,-0.001,0.17,0.19,-0.03,0.04,0.031,0.032,0.23,-0.07,0.21,-0.02
"Jack St. Ivany","25-26","PIT","D",17,241.72,23,13.42,26.55,1.12,0.062,0.33,0.29,0.8,-0.32,0.065,0.002,0.33,0,0.27,0.02
"Jack Studnicka","25-26","FLA","C",18,122.58,21,12.46,26.02,-1.13,-0.022,-0.09,-0.07,-0.94,0.19,-0.05,-0.027,-0.12,0.03,-0.12,0.05
"Jackson Blake","25-26","CAR","R",59,818.8,25,14.8,29.31,4.03,0.107,0.29,0.26,2.4,-1.62,0.101,-0.007,0.26,0.03,0.22,0.04
"Jackson Lacombe","25-26","ANA","D",58,1065.92,23,13.75,27.6,0.54,0.006,0.18,0.18,1.33,0.79,0.05,0.044,0.26,-0.07,0.25,-0.07
"Jacob Bernard-Docker","25-26","DET","D",44,593.9,24,13.56,26.96,-0.3,0.014,0.17,0.11,0.16,0.46,0,-0.014,0.11,0.06,0.08,0.03
"Jacob Bryson","25-26","BUF","D",35,344.22,28,13.01,26.19,-0.01,0.018,0.27,0.2,0.2,0.21,0.024,0.006,0.25,0.02,0.2,0
"Jacob Melanson","25-26","SEA","R",24,229.77,24,13.76,27.03,-1.42,-0.061,0.14,0.09,-0.97,0.45,-0.045,0.017,0.15,-0.01,0.1,-0.01
"Jacob Middleton","25-26","MIN","D",53,839.07,27,13.72,27.06,-0.35,0.023,0.19,0.17,0.39,0.74,0.007,-0.016,0.13,0.06,0.15,0.01
"Jacob Moverare","25-26","L.A","D",15,131.33,23,13.54,26.87,1.59,0.029,0.11,0.12,1.2,-0.39,-0.005,-0.033,0.05,0.06,0.05,0.06
"Jacob Trouba","25-26","ANA","D",57,1059.13,23,13.71,27.52,1.61,0.034,0.23,0.19,1.64,0.04,0.075,0.041,0.31,-0.07,0.24,-0.05
"Jaden Schwartz","25-26","SEA","L",39,519.43,25,15.09,29.74,-2.43,-0.144,0.01,0,-0.87,1.56,-0.078,0.066,0.08,-0.07,0.09,-0.09
"Jake Bean","25-26","CGY","D",16,246.13,25,13.25,26.7,0.94,0.01,0.13,0.07,1.01,0.06,0.001,-0.01,0.07,0.06,0.03,0.04
"Jake Christiansen","25-26","CBJ","D",32,319.57,27,13.03,25.52,-0.27,-0.001,0.16,0.13,0.44,0.71,0.021,0.022,0.16,0,0.16,-0.02
"Jake Debrusk","25-26","VAN","L",58,714.78,30,15.04,30.12,-1.15,-0.082,0.01,0,-0.45,0.7,-0.029,0.053,0.09,-0.08,0.06,-0.06
"Jake Evans","25-26","MTL","C",45,525.18,26,14.21,28.48,-0.34,-0.032,0.07,0.15,-0.17,0.17,0.001,0.033,0.13,-0.06,0.2,-0.05
"Jake Guentzel","25-26","T.B","C",58,819.42,30,14.47,29.52,1.97,0.105,0.41,0.4,1.04,-0.93,0.077,-0.027,0.37,0.04,0.35,0.06
"Jake McCabe","25-26","TOR","D",58,1106.23,27,14,27.31,-1.18,-0.028,0.23,0.23,-0.35,0.84,-0.017,0.011,0.24,-0.01,0.23,-0.01
"Jake Neighbours","25-26","STL","L",46,600.7,28,15.4,30.61,0.05,0.033,0.19,0.2,-0.37,-0.42,0.003,-0.03,0.1,0.09,0.13,0.07
"Jake Sanderson","25-26","OTT","D",59,1047.53,26,13.82,28.1,1.96,0.114,0.39,0.37,0.35,-1.61,0.019,-0.095,0.25,0.14,0.23,0.14
"Jake Walman","25-26","EDM","D",32,568.42,25,14.52,28.44,0.05,0.006,0.13,0.22,0.24,0.2,0.031,0.025,0.18,-0.05,0.24,-0.02
"Jakob Chychrun","25-26","WSH","D",60,1163.27,24,13.67,27.73,0.71,0.038,0.26,0.21,0.82,0.1,0.062,0.024,0.27,-0.02,0.24,-0.03
"Jalen Chatfield","25-26","CAR","D",52,903.88,25,13.71,27.12,4.2,0.124,0.32,0.39,2.28,-1.92,0.102,-0.022,0.29,0.03,0.31,0.08
"James Van Riemsdyk","25-26","DET","L",51,514.75,24,14.41,28.63,-0.64,0.001,0.11,0.08,-0.21,0.43,-0.014,-0.016,0.03,0.08,0.03,0.04
"Jamie Benn","25-26","DAL","L",37,424.77,24,15.03,30.08,-0.4,0.051,0.3,0.27,-0.97,-0.57,-0.005,-0.056,0.17,0.13,0.17,0.11
"Jamie Drysdale","25-26","PHI","D",56,1048.38,27,13.66,27.14,-0.26,0.011,0.18,0.26,-0.54,-0.28,-0.012,-0.022,0.16,0.02,0.2,0.06
"Jamie Oleksiak","25-26","SEA","D",57,858.98,25,13.6,26.8,-1.77,-0.056,0.2,0.11,-0.83,0.94,-0.043,0.013,0.19,0.02,0.14,-0.03
"Jani Nyman","25-26","SEA","R",24,233.48,24,14.4,28.37,-2.23,-0.074,0.16,0.05,-1.16,1.07,-0.06,0.014,0.12,0.05,0.05,0
"Janis Moser","25-26","T.B","D",56,1045.68,30,13.83,28.2,1.61,0.074,0.36,0.37,1.1,-0.5,0.067,-0.007,0.35,0.01,0.36,0.01
"Jansen Harkins","25-26","ANA","C",33,320.2,23,13.66,27.38,0.45,0.016,0.2,0.13,0.51,0.06,0.012,-0.004,0.18,0.02,0.09,0.03
"Jared Davidson","25-26","MTL","C",10,86.97,20,13.5,27.05,-0.45,-0.003,0.02,0.05,-0.6,-0.15,0.002,0.005,0.02,0,0.05,0
"Jared McCann","25-26","SEA","L",35,450.38,24,15.56,30.66,-1.79,-0.068,0.12,0.14,-1.04,0.75,-0.053,0.015,0.08,0.05,0.15,-0.02
"Jared Spurgeon","25-26","MIN","D",60,978.72,29,13.99,27.59,-0.46,0.027,0.23,0.17,0.11,0.57,0.009,-0.018,0.16,0.07,0.13,0.03
"Jason Dickinson","25-26","CHI","C",45,596.28,25,14.55,29.06,-1.05,-0.085,0,0.03,-1.03,0.02,-0.063,0.022,0.02,-0.02,0.07,-0.04
"Jason Robertson","25-26","DAL","L",59,913.77,24,15.28,30.63,-0.26,0.048,0.33,0.25,-0.69,-0.43,-0.002,-0.05,0.22,0.12,0.17,0.08
"Jason Zucker","25-26","BUF","L",41,500.45,27,15.37,30.94,0.22,-0.012,0.3,0.2,0.39,0.17,0.041,0.052,0.36,-0.06,0.26,-0.06
"Jayden Struble","25-26","MTL","D",40,550.72,27,13.51,27.06,0.36,0.026,0.29,0.3,-0.05,-0.41,0.025,-0.001,0.28,0.01,0.27,0.03
"Jean-Gabriel Pageau","25-26","NYI","C",52,635.27,27,14.82,29.52,0.22,0.001,0.22,0.09,0.45,0.22,0.028,0.027,0.24,-0.02,0.12,-0.03
"Jeff Malott","25-26","L.A","L",42,377.95,23,13.94,27.58,0.64,0.01,0.12,0.06,0.59,-0.05,-0.023,-0.032,0.04,0.08,0,0.06
"Jeff Petry","25-26","FLA","D",57,757.4,27,12.27,25.67,0.99,0.024,0.16,0.18,0.61,-0.38,0.008,-0.016,0.11,0.05,0.13,0.05
"Jeff Skinner","25-26","S.J","L",32,334.62,26,14.25,29.26,-1.75,-0.079,0.1,0.05,-1.13,0.61,-0.041,0.038,0.16,-0.06,0.12,-0.08
"Jeffrey Viel","25-26","ANA","L",11,143.67,21,14.7,29.48,1.21,0.015,0.24,0.17,1.7,0.49,0.059,0.045,0.3,-0.06,0.22,-0.05
"Jeffrey Viel","25-26","BOS","L",10,93.97,24,13.55,27.62,0.49,-0.033,0.14,0.06,1.39,0.91,0.004,0.037,0.2,-0.06,0.08,-0.03
"Jeremy Lauzon","25-26","VGK","D",45,717.7,27,14.15,27.15,0.65,0.039,0.25,0.3,0.23,-0.42,-0.001,-0.04,0.18,0.06,0.23,0.07
"Jesper Boqvist","25-26","FLA","C",51,508.55,27,13.6,28.44,1.69,0.054,0.08,0.1,0.85,-0.85,0.015,-0.039,0.02,0.05,0.01,0.09
"Jesper Bratt","25-26","N.J","L",60,852.3,31,15.87,31.25,1.12,0.019,0.12,0.11,0.71,-0.41,0.015,-0.005,0.07,0.06,0.06,0.04
"Jesperi Kotkaniemi","25-26","CAR","C",36,378.43,23,13.84,27.4,3.4,0.104,0.25,0.3,2.1,-1.3,0.084,-0.02,0.2,0.05,0.25,0.06
"Jimmy Snuggerud","25-26","STL","R",47,639,26,15.17,30.14,-0.92,-0.02,0.12,0.1,-0.79,0.12,-0.026,-0.006,0.08,0.04,0.09,0.02
"Jiri Kulich","25-26","BUF","C",12,170.55,26,15.57,31.38,0.27,0.017,0.19,0.29,0.34,0.08,0.047,0.03,0.22,-0.03,0.3,-0.02
"Jj Peterka","25-26","UTA","R",59,822.97,25,14.75,30.02,1.84,0.085,0.41,0.34,0.81,-1.02,0.058,-0.027,0.33,0.08,0.28,0.06
"Joe Veleno","25-26","MTL","C",49,515.28,26,13.69,27.45,-0.12,-0.002,0.14,0.19,-0.01,0.11,0.014,0.016,0.15,-0.01,0.18,0.01
"Joel Armia","25-26","L.A","R",53,621.23,23,14.93,29.64,1.22,0.034,0.1,0.1,0.87,-0.35,-0.008,-0.042,0.02,0.08,0.03,0.08
"Joel Edmundson","25-26","L.A","D",59,903.88,23,13.94,27.67,2.02,0.044,0.15,0.18,1.65,-0.37,0.018,-0.026,0.11,0.04,0.12,0.07
"Joel Eriksson Ek","25-26","MIN","C",54,726.88,27,16.02,31.64,0.87,0.079,0.38,0.35,1.21,0.35,0.057,-0.022,0.31,0.08,0.32,0.03
"Joel Farabee","25-26","CGY","L",58,773.32,30,15.17,30.41,0.05,-0.043,0.01,0.02,0.59,0.55,-0.009,0.034,0.03,-0.02,0.05,-0.03
"Joel Hanley","25-26","CGY","D",55,732.37,29,12.98,26.09,0.31,-0.021,0.05,-0.03,0.71,0.39,-0.015,0.006,0.05,0.01,-0.01,-0.02
"Joel Kiviranta","25-26","COL","L",30,260.58,24,13.36,27.21,3.12,0.099,0.45,0.35,2.2,-0.92,0.025,-0.073,0.31,0.15,0.24,0.12
"Joel Nystrom","25-26","CAR","D",37,515.78,25,13.33,26.4,3.58,0.085,0.26,0.28,2.31,-1.27,0.082,-0.003,0.24,0.01,0.27,0.01
"John Beecher","25-26","BOS","C",6,53.53,21,13.69,27.89,0.77,-0.028,0.14,0.05,1.36,0.59,0.003,0.032,0.19,-0.05,0.06,0
"John Beecher","25-26","CGY","C",21,170.72,25,13.35,26.79,-0.38,-0.043,-0.01,0,0.33,0.71,-0.032,0.011,0,-0.01,-0.01,0.01
"John Carlson","25-26","WSH","D",55,929.03,24,13.75,27.88,0.42,0.042,0.26,0.28,0.6,0.18,0.064,0.022,0.28,-0.02,0.3,-0.02
"John Klingberg","25-26","S.J","D",43,738.5,27,13.97,28.69,-0.09,-0.036,0.26,0.29,-0.29,-0.2,-0.011,0.024,0.28,-0.02,0.31,-0.02
"John Leonard","25-26","DET","L",9,95.47,20,14.9,29.62,0.21,0.028,0.2,0.12,0.41,0.2,0.016,-0.012,0.13,0.07,0.07,0.05
"John Marino","25-26","UTA","D",59,1069.27,25,13.58,27.62,1.97,0.091,0.4,0.41,0.85,-1.12,0.061,-0.03,0.34,0.06,0.35,0.06
"John Tavares","25-26","TOR","C",60,865.93,27,15.31,29.9,-1.55,-0.014,0.31,0.26,-0.35,1.2,0.007,0.021,0.32,-0.01,0.28,-0.03
"Johnathan Kovacevic","25-26","N.J","D",13,200.57,22,14.35,28.33,0.7,0.003,0.1,0.06,0.38,-0.32,-0.004,-0.007,0.05,0.05,0.04,0.02
"Jonah Gadjovich","25-26","FLA","L",10,79.02,19,12.84,26.85,0.88,0.031,0.16,0.15,-0.12,-1,-0.022,-0.053,0.07,0.09,0.03,0.12
"Jonas Brodin","25-26","MIN","D",42,793.2,26,14.65,28.88,0.04,0.042,0.29,0.25,0.78,0.74,0.033,-0.008,0.22,0.07,0.24,0.01
"Jonas Siegenthaler","25-26","N.J","D",60,1065.28,32,14.15,27.92,1.76,0.038,0.12,0.09,1.44,-0.32,0.014,-0.023,0.07,0.05,0.06,0.03
"Jonatan Berggren","25-26","DET","R",15,164.37,21,14.41,28.66,-0.86,-0.028,0.14,0.05,-0.11,0.74,-0.026,0.002,0.07,0.06,0.04,0.01
"Jonatan Berggren","25-26","STL","R",22,286.92,25,14.82,29.48,-1.2,-0.06,0,-0.01,-0.82,0.37,-0.042,0.019,0.02,-0.02,0.02,-0.03
"Jonathan Aspirot","25-26","BOS","D",39,600.22,27,13.52,27.52,0.29,-0.019,0.26,0.23,0.58,0.29,0.004,0.023,0.32,-0.06,0.25,-0.02
"Jonathan Drouin","25-26","NYI","L",53,727.77,27,15.32,30.51,0.36,-0.019,0.17,0.18,0.31,-0.05,0.01,0.029,0.19,-0.02,0.22,-0.03
"Jonathan Huberdeau","25-26","CGY","L",50,682.12,29,14.96,30.02,-0.62,-0.048,0.01,-0.02,0.3,0.92,-0.016,0.032,0.03,-0.03,0.03,-0.04
"Jonathan Lekkerimaki","25-26","VAN","R",13,127.23,26,14.47,29,-1.51,-0.096,-0.12,-0.1,-0.69,0.82,-0.042,0.054,0.02,-0.15,0.01,-0.12
"Jonathan Marchessault","25-26","NSH","R",40,530.02,24,14.5,29.19,-0.14,0.007,0.08,0.09,0.23,0.37,0.022,0.016,0.08,0,0.09,-0.01
"Jonathan Toews","25-26","WPG","C",58,731.05,27,14.21,28.52,-0.16,-0.015,0.07,0.08,-0.15,0.01,-0.022,-0.007,0.05,0.02,0.06,0.03
"Jonny Brodzinski","25-26","NYR","C",39,408.87,28,14.05,27.78,-0.94,-0.024,0.08,0.09,-0.49,0.45,-0.055,-0.031,0,0.08,0.03,0.06
"Joona Koppanen","25-26","PIT","L",10,105.37,21,13.92,27.43,3.02,0.099,0.25,0.31,1.54,-1.48,0.04,-0.059,0.07,0.18,0.14,0.17
"Jordan Eberle","25-26","SEA","R",57,854.65,25,15.61,30.78,-1.56,-0.065,0.17,0.14,-0.89,0.67,-0.053,0.011,0.12,0.05,0.13,0.01
"Jordan Greenway","25-26","BUF","L",33,347.88,24,14.18,28.53,-0.35,0.008,0.21,0.17,-0.32,0.03,-0.025,-0.033,0.1,0.11,0.1,0.08
"Jordan Harris","25-26","BOS","D",5,68.17,19,13.28,27.03,0.04,-0.058,0.1,0.11,0.75,0.7,-0.025,0.033,0.18,-0.08,0.17,-0.06
"Jordan Kyrou","25-26","STL","R",49,656.28,27,15.27,30.34,-1.01,-0.023,0.19,0.14,-0.81,0.19,-0.031,-0.008,0.13,0.06,0.13,0.01
"Jordan Martinook","25-26","CAR","L",56,686.87,25,14.75,29.17,4.3,0.075,0.23,0.27,2.11,-2.19,0.053,-0.022,0.21,0.02,0.19,0.08
"Jordan Spence","25-26","OTT","D",50,804.33,25,13.38,27.2,1.01,0.065,0.3,0.28,0.38,-0.63,0.006,-0.059,0.2,0.09,0.2,0.09
"Jordan Staal","25-26","CAR","C",56,716.6,23,14.72,29.14,4.41,0.105,0.29,0.2,2.49,-1.92,0.07,-0.034,0.24,0.06,0.12,0.08
"Josh Anderson","25-26","MTL","R",53,606.1,27,14.24,28.54,0.04,-0.002,0.09,0.14,0.01,-0.03,0.005,0.007,0.09,0,0.13,0.02
"Josh Doan","25-26","BUF","R",60,763.77,28,15.34,30.85,0.46,0.028,0.34,0.33,0.44,-0.02,0.02,-0.007,0.27,0.06,0.29,0.04
"Josh Dunne","25-26","BUF","C",30,280.52,27,13.81,27.78,-1.07,-0.018,0.14,0.06,-0.67,0.4,-0.055,-0.037,0.04,0.1,0.02,0.04
"Josh Mahura","25-26","SEA","D",21,291.95,24,13.48,26.54,-1.93,-0.072,0.16,0.09,-1.09,0.84,-0.063,0.008,0.13,0.03,0.1,-0.01
"Josh Manson","25-26","COL","D",58,910.13,28,13.38,27.31,3.6,0.147,0.48,0.49,3,-0.6,0.104,-0.042,0.39,0.1,0.42,0.06
"Josh Morrissey","25-26","WPG","D",56,1110.82,26,14.62,29.35,0.02,0.004,0.24,0.26,-0.06,-0.09,0.026,0.022,0.24,0,0.28,-0.02
"Josh Norris","25-26","BUF","C",22,266.2,26,15.26,30.66,0.95,0.047,0.37,0.34,0.71,-0.24,0.035,-0.012,0.31,0.07,0.3,0.04
"Juho Lammikko","25-26","N.J","C",24,235.02,30,13.81,27.11,-1.14,-0.075,-0.07,-0.08,-0.66,0.48,-0.068,0.007,-0.1,0.03,-0.07,-0.01
"Juraj Slafkovsky","25-26","MTL","L",59,835.47,27,15.34,30.78,-0.25,0.05,0.39,0.42,-0.04,0.21,0.049,-0.001,0.37,0.02,0.4,0.02
"Justin Barron","25-26","NSH","D",32,420.87,24,13.07,26.33,1.04,0.034,0.1,0.12,0.54,-0.5,0.037,0.003,0.11,0,0.12,0
"Justin Brazeau","25-26","PIT","R",44,513.97,32,14.69,29.08,0.06,0.03,0.19,0.18,0.44,0.38,0.068,0.037,0.25,-0.06,0.22,-0.03
"Justin Faulk","25-26","STL","D",59,1070.02,29,13.49,26.8,-0.02,-0.013,0.17,0.15,-0.1,-0.08,-0.006,0.007,0.15,0.02,0.15,0
"Justin Hryckowian","25-26","DAL","C",58,625.2,24,14.19,28.42,-0.28,0.018,0.19,0.24,-0.99,-0.71,-0.016,-0.034,0.12,0.08,0.17,0.07
"Justin Kirkland","25-26","CGY","C",20,163.35,26,13.31,26.71,-0.43,-0.053,-0.03,-0.03,0.38,0.81,-0.038,0.015,0.01,-0.04,-0.01,-0.02
"Justin Sourdif","25-26","WSH","R",58,768.97,24,14.82,30.07,1.67,0.068,0.26,0.33,1.24,-0.43,0.078,0.01,0.26,0,0.31,0.02
"Juuso Parssinen","25-26","NYR","C",14,124.07,22,13.93,27.53,-1.02,-0.022,0.14,0.12,-0.7,0.31,-0.075,-0.054,0,0.14,0.02,0.1
"K'Andre Miller","25-26","CAR","D",51,977.9,24,14,27.72,4.5,0.112,0.27,0.33,2.57,-1.93,0.088,-0.023,0.24,0.03,0.29,0.04
"Kaapo Kakko","25-26","SEA","R",42,527.53,23,15.19,29.92,-2.04,-0.065,0.14,0.14,-1.14,0.9,-0.053,0.012,0.09,0.05,0.14,0
"Kaedan Korczak","25-26","VGK","D",59,948.62,27,13.78,26.43,-0.1,0.011,0.22,0.22,-0.23,-0.13,-0.014,-0.025,0.17,0.04,0.17,0.05
"Kaiden Guhle","25-26","MTL","D",19,326.78,23,13.92,27.94,0.33,0.024,0.33,0.33,0.2,-0.13,0.027,0.003,0.32,0,0.32,0.01
"Kailer Yamamoto","25-26","UTA","R",37,399.37,24,14.05,28.58,0.49,0.002,0.12,0.1,-0.07,-0.56,-0.013,-0.015,0.09,0.03,0.08,0.02
"Kasperi Kapanen","25-26","EDM","R",20,272.43,26,15.67,30.67,0.31,0.003,0.2,0.28,-0.09,-0.4,0.014,0.011,0.23,-0.04,0.27,0.01
"Keegan Kolesar","25-26","VGK","R",59,644.95,27,14.53,27.88,-0.11,0.011,0.11,0.12,-0.39,-0.28,-0.026,-0.037,0.04,0.07,0.04,0.07
"Kent Johnson","25-26","CBJ","C",56,651.73,28,15.19,29.74,1.69,0.071,0.23,0.27,2.06,0.37,0.078,0.007,0.21,0.02,0.27,0
"Kevin Bahl","25-26","CGY","D",57,1064.22,30,14.03,28.13,0.56,-0.026,0.11,0,0.84,0.29,-0.017,0.009,0.14,-0.03,0.02,-0.02
"Kevin Fiala","25-26","L.A","L",56,851.37,22,14.87,29.5,1.29,0.028,0.12,0.09,1.02,-0.27,-0.001,-0.028,0.06,0.06,0.04,0.05
"Kevin Hayes","25-26","PIT","R",24,265.98,31,14.68,29.02,0.71,0.039,0.19,0.21,0.62,-0.09,0.056,0.017,0.19,0,0.19,0.02
"Kevin Stenlund","25-26","UTA","C",58,635.5,25,13.41,27.3,0.94,0.023,0.12,0.17,0.13,-0.81,0.005,-0.019,0.08,0.04,0.12,0.05
"Kiefer Sherwood","25-26","VAN","L",44,564.42,32,14.89,29.82,-1.13,-0.101,-0.02,-0.08,-0.49,0.65,-0.041,0.06,0.08,-0.1,0,-0.07
"Kirby Dach","25-26","MTL","C",25,318.22,22,14.83,29.74,0.22,0.043,0.19,0.25,0.18,-0.04,0.039,-0.004,0.17,0.02,0.24,0.02
"Kirill Kaprizov","25-26","MIN","L",60,1058.1,29,15.84,31.32,0.26,0.061,0.3,0.31,0.8,0.53,0.035,-0.027,0.19,0.11,0.25,0.05
"Kirill Marchenko","25-26","CBJ","R",52,798.08,27,15.97,31.26,1.64,0.078,0.28,0.35,1.68,0.03,0.076,-0.002,0.23,0.06,0.31,0.03
"Konsta Helenius","25-26","BUF","C",9,105.22,20,14.64,29.38,1.17,0.069,0.42,0.38,0.45,-0.72,0.021,-0.048,0.26,0.16,0.28,0.11
"Kris Letang","25-26","PIT","D",52,963,36,13.8,27.27,0.45,0.036,0.24,0.21,0.59,0.14,0.059,0.023,0.28,-0.04,0.23,-0.02
"Kurtis MacDermid","25-26","OTT","L",16,63.65,21,13.06,26.52,-0.11,0.041,0.22,0.2,-0.37,-0.25,-0.038,-0.079,0.07,0.15,0.06,0.14
"Kyle Capobianco","25-26","DAL","D",31,364.08,23,13.15,26.34,-0.49,0.025,0.26,0.27,-0.93,-0.44,-0.011,-0.036,0.17,0.09,0.19,0.08
"Kyle Connor","25-26","WPG","L",58,946.7,27,16.39,32.9,-0.68,-0.025,0.31,0.3,-0.36,0.32,0.014,0.039,0.33,-0.02,0.34,-0.04
"Kyle MacLean","25-26","NYI","C",44,455.42,27,13.59,26.95,-0.33,-0.026,0.1,0.03,-1.05,-0.72,-0.058,-0.032,0,0.09,-0.08,0.1
"Kyle Palmieri","25-26","NYI","C",25,319.58,23,15.29,30.53,-0.06,-0.047,0.06,0.1,0.15,0.21,0,0.047,0.14,-0.07,0.19,-0.09
"Landon Slaggert","25-26","CHI","L",31,309.75,23,13.66,27.29,-0.49,-0.102,0.03,-0.05,-1.2,-0.71,-0.096,0.006,0.02,0.01,-0.06,0.02
"Lane Hutson","25-26","MTL","D",59,1154.05,27,13.38,26.84,-0.4,-0.012,0.21,0.25,-0.13,0.27,0.007,0.019,0.23,-0.02,0.27,-0.02
"Lars Eller","25-26","OTT","C",45,457.15,25,13.68,27.83,1.17,0.096,0.25,0.27,0.35,-0.82,0.016,-0.08,0.14,0.11,0.17,0.09
"Lawson Crouse","25-26","UTA","L",58,710.5,25,14.68,29.9,1.72,0.066,0.32,0.24,0.97,-0.74,0.061,-0.005,0.29,0.03,0.23,0.01
"Lenni Hameenaho","25-26","N.J","R",12,144.38,22,15.22,30.07,2.9,0.044,0.17,0.27,1.76,-1.15,0.018,-0.026,0.11,0.06,0.2,0.07
"Leo Carlsson","25-26","ANA","C",46,655.72,23,14.79,29.7,1.93,0.053,0.28,0.28,1.71,-0.22,0.07,0.017,0.31,-0.03,0.26,0.02
"Leon Draisaitl","25-26","EDM","C",58,989.05,29,15.85,31.04,0.91,0.044,0.22,0.32,0.67,-0.24,0.085,0.041,0.29,-0.07,0.35,-0.02
"Liam O'Brien","25-26","UTA","C",32,285.03,23,13.45,27.38,-0.3,-0.062,-0.03,-0.03,-0.74,-0.44,-0.075,-0.013,-0.06,0.03,-0.06,0.02
"Liam Ohgren","25-26","MIN","L",18,168.28,24,13.77,27.15,-1.3,-0.009,0.04,0.04,-0.13,1.18,-0.018,-0.009,0,0.05,0.05,0
"Liam Ohgren","25-26","VAN","L",28,341.05,25,14.39,28.65,-1.47,-0.106,-0.1,-0.03,-0.8,0.67,-0.049,0.057,0.03,-0.13,0.05,-0.08
"Lian Bichsel","25-26","DAL","D",28,408.78,24,13.09,26.22,-0.85,0.002,0.22,0.21,-0.95,-0.1,-0.019,-0.022,0.18,0.04,0.17,0.04
"Linus Karlsson","25-26","VAN","C",56,538.48,29,14.25,28.51,-1.65,-0.1,-0.06,-0.06,-1.02,0.63,-0.051,0.049,0.01,-0.07,0.01,-0.07
"Logan Cooley","25-26","UTA","C",31,431.2,25,14.77,30.04,1.63,0.06,0.36,0.43,0.81,-0.82,0.041,-0.019,0.31,0.05,0.38,0.04
"Logan Mailloux","25-26","STL","D",44,607.72,28,13.66,27.14,-0.37,-0.042,0.1,0.08,-0.15,0.22,-0.021,0.021,0.11,0,0.1,-0.02
"Logan Stankoven","25-26","CAR","C",59,793.93,24,14.9,29.51,3.65,0.099,0.24,0.23,2.22,-1.43,0.092,-0.006,0.22,0.02,0.21,0.02
"Logan Stanley","25-26","WPG","D",57,880.33,27,13.18,26.5,-0.32,-0.036,0.05,0.07,-0.14,0.17,-0.018,0.019,0.08,-0.03,0.09,-0.02
"Louis Crevier","25-26","CHI","D",56,804.27,25,14.21,28.4,-0.52,-0.079,0.05,0.07,-0.64,-0.12,-0.06,0.019,0.06,-0.02,0.09,-0.01
"Luca Del Bel Belluz","25-26","CBJ","C",13,112.58,22,14.44,28.23,0.86,0.025,0.19,0.25,0.71,-0.15,0.016,-0.009,0.15,0.04,0.23,0.02
"Lucas Raymond","25-26","DET","L",58,831.47,23,15.56,30.93,0.78,0.026,0.2,0.14,0.93,0.15,0.019,-0.007,0.14,0.06,0.13,0.02
"Lukas Reichel","25-26","VAN","L",14,175.25,21,14.9,29.9,-1.18,-0.114,0.01,-0.08,-0.3,0.89,-0.034,0.08,0.15,-0.14,0,-0.09
"Luke Evangelista","25-26","NSH","R",58,805.68,25,15.02,30.24,0.35,0.009,0.15,0.18,0.38,0.03,0.031,0.022,0.16,-0.01,0.19,-0.02
"Luke Glendening","25-26","N.J","C",52,428.92,31,13.76,27.08,-1.29,-0.074,-0.06,-0.07,-0.81,0.48,-0.061,0.013,-0.09,0.03,-0.08,0.02
"Luke Hughes","25-26","N.J","D",50,964.6,32,14.11,27.81,1.25,0.041,0.12,0.12,0.66,-0.59,0.015,-0.026,0.06,0.06,0.07,0.05
"Luke Kunin","25-26","FLA","C",44,328.95,27,12.52,26.14,0.12,0.006,0.09,0,-0.29,-0.41,-0.026,-0.032,0.02,0.08,-0.07,0.07
"Luke Schenn","25-26","WPG","D",44,528.55,27,13.18,26.47,-0.32,-0.038,0.05,0.14,-0.12,0.19,-0.007,0.031,0.11,-0.07,0.19,-0.05
"Mackenzie MacEachern","25-26","VAN","L",8,80.77,20,14.15,28.35,-0.75,-0.09,0.03,-0.02,-0.32,0.42,-0.035,0.055,0.14,-0.12,0.05,-0.07
"MacKenzie Weegar","25-26","CGY","D",58,1075.48,30,13.84,27.73,-0.01,-0.015,0.01,0.05,0.51,0.52,-0.01,0.005,0.03,-0.02,0.05,-0.01
"Mackie Samoskevich","25-26","FLA","R",57,676.13,27,13.98,29.24,0.73,0.029,0.14,0.14,0.35,-0.38,0.015,-0.014,0.13,0.01,0.11,0.03
"Macklin Celebrini","25-26","S.J","C",57,923.97,27,14.74,30.26,-0.72,-0.074,0.19,0.18,-0.29,0.42,-0.02,0.054,0.26,-0.07,0.27,-0.08
"Marat Khusnutdinov","25-26","BOS","C",54,665.57,29,14.84,30.19,0.06,-0.047,0.23,0.14,0.51,0.45,-0.014,0.033,0.28,-0.05,0.16,-0.02
"Marc Gatcomb","25-26","NYI","C",31,315.78,27,13.54,26.88,-0.94,-0.038,0.01,-0.03,-1.25,-0.3,-0.052,-0.014,-0.02,0.02,-0.06,0.03
"Marco Kasper","25-26","DET","C",59,715.5,24,14.83,29.47,0.38,0.024,0.18,0.18,0.42,0.05,0.012,-0.012,0.11,0.07,0.14,0.03
"Marco Rossi","25-26","MIN","C",17,249.22,23,15.96,31.45,-0.28,0.041,0.27,0.22,0.23,0.51,0.024,-0.017,0.2,0.07,0.21,0.01
"Marco Rossi","25-26","VAN","C",10,146.53,20,14.88,29.74,-2.13,-0.13,-0.14,-0.14,-0.78,1.35,-0.046,0.083,-0.01,-0.13,-0.03,-0.11
"Marcus Foligno","25-26","MIN","L",48,536.8,29,14.33,28.33,-1.13,0.002,0.12,0.06,0.02,1.15,-0.003,-0.005,0.08,0.04,0.06,0
"Marcus Johansson","25-26","MIN","L",55,738.62,28,15.8,31.2,0.87,0.067,0.3,0.31,1.03,0.16,0.035,-0.032,0.21,0.1,0.25,0.07
"Marcus Pettersson","25-26","VAN","D",59,1057.42,32,13.56,27.14,-1.05,-0.095,-0.06,-0.05,-0.22,0.83,-0.019,0.076,0.08,-0.14,0.06,-0.12
"Mario Ferraro","25-26","S.J","D",57,970.65,27,13.39,27.49,-1.26,-0.04,0.24,0.25,-0.99,0.27,-0.026,0.014,0.25,-0.01,0.28,-0.03
"Mark Jankowski","25-26","CAR","L",47,461.47,24,13.9,27.53,2.87,0.067,0.27,0.21,1.76,-1.1,0.053,-0.015,0.24,0.03,0.19,0.03
"Mark Kastelic","25-26","BOS","C",59,635.35,28,13.92,28.29,0.06,-0.028,0.14,0.08,0.93,0.87,0.008,0.036,0.21,-0.07,0.12,-0.04
"Mark Scheifele","25-26","WPG","C",58,980.05,27,16.2,32.53,-1.15,-0.024,0.28,0.26,-0.93,0.22,0.005,0.029,0.3,-0.02,0.29,-0.03
"Mark Stone","25-26","VGK","R",42,596.02,27,16.11,30.91,0.05,0.058,0.31,0.39,0.26,0.21,0.032,-0.026,0.27,0.04,0.34,0.05
"Marshall Warren","25-26","NYI","D",8,89.52,20,13.09,26.02,-1.57,-0.073,0.08,0.08,-1.2,0.37,-0.038,0.036,0.1,-0.03,0.09,-0.01
"Martin Fehervary","25-26","WSH","D",61,966.48,24,13.62,27.64,1.46,0.05,0.28,0.26,1.26,-0.2,0.077,0.027,0.3,-0.02,0.29,-0.02
"Martin Necas","25-26","COL","C",55,898.63,28,15.98,32.63,3.57,0.139,0.56,0.56,3.46,-0.11,0.136,-0.002,0.53,0.02,0.55,0.01
"Martin Pospisil","25-26","CGY","C",9,89.03,22,14.03,28.03,-0.33,-0.052,-0.07,-0.07,0.21,0.54,-0.035,0.017,-0.03,-0.03,-0.04,-0.04
"Mason Appleton","25-26","DET","C",50,600.12,24,14.39,28.59,-0.66,-0.002,0.06,0.05,-0.06,0.6,-0.008,-0.005,0,0.06,0.03,0.02
"Mason Lohrei","25-26","BOS","D",54,813.05,29,13.36,27.15,0.26,-0.026,0.23,0.21,0.48,0.22,-0.008,0.018,0.28,-0.06,0.23,-0.02
"Mason Marchment","25-26","CBJ","L",16,249.4,24,16.28,31.84,0.71,0.012,0.17,0.24,0.92,0.21,0.052,0.04,0.19,-0.01,0.3,-0.06
"Mason Marchment","25-26","SEA","L",29,431.02,25,15.3,30.19,-2.08,-0.111,0.07,0.05,-0.94,1.13,-0.069,0.042,0.09,-0.02,0.11,-0.06
"Mason McTavish","25-26","ANA","C",53,724.27,23,14.97,30.03,1.66,0.04,0.21,0.33,2.07,0.41,0.086,0.046,0.29,-0.08,0.36,-0.03
"Mathew Barzal","25-26","NYI","C",59,963.63,27,14.98,29.85,0.48,-0.021,0.14,0.09,0.43,-0.05,0.01,0.032,0.16,-0.02,0.12,-0.03
"Mathieu Joseph","25-26","STL","R",39,449.87,28,14.51,28.84,-1.49,-0.035,0.1,0.07,-1.12,0.38,-0.047,-0.011,0.06,0.04,0.06,0.02
"Mathieu Olivier","25-26","CBJ","R",45,589.42,27,15.54,30.42,1.59,0.115,0.34,0.29,1.47,-0.13,0.086,-0.029,0.26,0.07,0.23,0.06
"Matias MacCelli","25-26","TOR","L",49,620.32,26,15.48,30.23,-1.01,-0.013,0.33,0.23,-0.33,0.68,-0.007,0.006,0.31,0.02,0.2,0.02
"Mats Zuccarello","25-26","MIN","R",40,589.3,27,16.74,33.12,0.01,0.042,0.29,0.2,0.35,0.34,0.029,-0.013,0.19,0.1,0.16,0.04
"Matt Boldy","25-26","MIN","L",56,811.75,29,15.94,31.5,0.31,0.066,0.34,0.25,0.59,0.28,0.03,-0.036,0.24,0.1,0.19,0.06
"Matt Coronato","25-26","CGY","R",57,750.2,30,15.17,30.41,0.3,-0.021,0.07,0.05,0.47,0.18,-0.017,0.004,0.07,0,0.04,0.01
"Matt Duchene","25-26","DAL","C",34,475.6,24,15.16,30.37,-0.57,0.036,0.29,0.31,-0.83,-0.26,0.009,-0.028,0.21,0.07,0.25,0.05
"Matt Dumba","25-26","PIT","D",11,161.75,28,12.9,25.48,1.01,0.063,0.1,0.22,0.8,-0.22,0.049,-0.014,0.07,0.03,0.18,0.04
"Matt Grzelcyk","25-26","CHI","D",59,913.9,25,13.41,26.82,-1.47,-0.102,0.04,0.02,-0.88,0.58,-0.052,0.05,0.1,-0.06,0.08,-0.07
"Matt Kiersted","25-26","MIN","D",4,50.5,24,12.95,25.56,-0.58,0.015,0.14,0.11,0.37,0.95,0.01,-0.005,0.08,0.06,0.11,0
"Matt Rempe","25-26","NYR","C",26,213.93,28,13.4,26.52,-0.86,-0.015,0.12,0.03,-0.49,0.37,-0.048,-0.033,0.05,0.07,-0.02,0.05
"Matt Roy","25-26","WSH","D",59,1054.75,24,13.91,28.2,0.72,0.037,0.27,0.3,0.84,0.12,0.073,0.035,0.3,-0.03,0.34,-0.04
"Matt Savoie","25-26","EDM","C",61,711.73,29,15.13,29.62,0.35,0.011,0.1,0.21,0.18,-0.17,0.028,0.017,0.14,-0.04,0.2,0.01
"Matthew Kessel","25-26","STL","D",23,269.25,27,13.32,26.42,-0.17,-0.011,0.2,0.17,-0.4,-0.22,-0.023,-0.012,0.15,0.05,0.14,0.04
"Matthew Knies","25-26","TOR","L",57,836.48,27,15.57,30.37,-0.82,-0.009,0.27,0.25,-0.08,0.74,0.019,0.028,0.29,-0.02,0.26,-0.01
"Matthew Robertson","25-26","NYR","D",49,761.47,30,13.63,26.98,-0.55,-0.023,0.09,0.05,-0.13,0.43,-0.032,-0.009,0.06,0.02,0.04,0
"Matthew Schaefer","25-26","NYI","D",60,1131.13,27,13.88,27.63,-1.14,-0.056,0.15,0.12,-0.68,0.46,-0.02,0.036,0.17,-0.02,0.15,-0.03
"Matthew Tkachuk","25-26","FLA","L",12,165.68,21,14.31,29.9,2,0.04,0.25,0.29,1.14,-0.86,0.031,-0.009,0.22,0.04,0.19,0.1
"Matthew Wood","25-26","NSH","R",48,479.47,23,14.15,28.48,0.1,0.011,0.1,0.07,0.13,0.04,0.019,0.008,0.06,0.04,0.07,0.01
"Mattias Ekholm","25-26","EDM","D",61,1097.58,29,15.33,30.03,1.06,0.096,0.28,0.36,0.82,-0.24,0.144,0.048,0.37,-0.09,0.4,-0.05
"Mattias Janmark","25-26","EDM","C",43,438.68,28,13.73,26.96,-0.46,-0.007,0.03,0.13,-0.77,-0.31,-0.016,-0.009,0,0.02,0.07,0.06
"Mattias Samuelsson","25-26","BUF","D",58,1136.52,28,13.95,28.08,0.91,0.04,0.27,0.27,0.77,-0.14,0.04,0,0.24,0.04,0.24,0.02
"Matty Beniers","25-26","SEA","C",59,901.75,25,15.45,30.47,-0.51,-0.051,0.18,0.26,-0.29,0.21,-0.038,0.013,0.14,0.04,0.23,0.03
"Matvei Gridin","25-26","CGY","R",15,184.1,26,14.89,29.8,0.14,-0.039,0.03,0.03,0.29,0.15,-0.015,0.023,0.04,0,0.03,-0.01
"Matvei Michkov","25-26","PHI","R",58,708.95,27,14.97,29.72,-0.2,0.02,0.16,0.18,-0.96,-0.76,-0.029,-0.05,0.1,0.06,0.09,0.09
"Maveric Lamoureux","25-26","UTA","D",5,73.2,19,12.92,26.3,0.45,0.065,0.35,0.3,0.35,-0.1,0.023,-0.042,0.25,0.1,0.24,0.06
"Mavrik Bourque","25-26","DAL","C",59,775.25,24,14.84,29.71,0.36,0.076,0.31,0.32,-0.69,-1.05,0.017,-0.058,0.18,0.12,0.2,0.12
"Max Domi","25-26","TOR","C",58,773.55,27,15.53,30.29,-1.05,-0.022,0.27,0.2,-0.06,0.99,-0.003,0.02,0.26,0.01,0.2,0
"Max Jones","25-26","EDM","L",8,60.45,20,13.12,25.9,-0.66,0.004,-0.12,0.03,-1.01,-0.36,-0.007,-0.012,-0.09,-0.03,0.03,0
"Max Sasson","25-26","VAN","C",50,534.98,30,14.17,28.36,-0.78,-0.071,0,0,-0.23,0.55,-0.022,0.049,0.08,-0.09,0.04,-0.04
"Max Shabanov","25-26","NYI","R",40,478.33,26,14.49,28.83,-0.71,-0.059,0.07,0.12,-0.46,0.26,-0.02,0.038,0.12,-0.05,0.17,-0.05
"Maxim Tsyplakov","25-26","N.J","R",7,58.95,21,14.18,28.08,-1.13,-0.054,-0.13,0.02,-0.57,0.55,-0.046,0.008,-0.13,0,0.03,-0.01
"Maxim Tsyplakov","25-26","NYI","R",27,252.3,25,14.14,28.13,-0.71,-0.034,0.06,0.01,-0.6,0.11,-0.023,0.012,0.07,-0.01,0.03,-0.02
"Maxwell Crozier","25-26","T.B","D",34,494.48,29,12.84,26.13,0.81,0.053,0.32,0.29,0.18,-0.63,0.02,-0.033,0.26,0.06,0.23,0.05
"Michael Amadio","25-26","OTT","R",59,849.92,25,14.67,29.83,1.78,0.112,0.39,0.36,0.21,-1.57,0.033,-0.08,0.26,0.13,0.21,0.15
"Michael Brandsegg-Nygård","25-26","DET","R",9,97.57,20,14.9,29.63,-0.22,-0.003,0.21,0.09,0.25,0.47,-0.008,-0.006,0.14,0.07,0.07,0.02
"Michael Bunting","25-26","NSH","L",59,740.52,25,14.41,29.01,0.03,0.014,0.09,0.07,0.2,0.18,0.024,0.011,0.1,-0.01,0.08,-0.01
"Michael Callahan","25-26","BOS","D",5,58.63,22,13.16,26.77,0.26,-0.028,0.21,0.18,0.75,0.49,0.001,0.028,0.28,-0.08,0.23,-0.05
"Michael Carcone","25-26","UTA","L",56,645.35,24,14.08,28.67,0.89,0.037,0.29,0.15,0.86,-0.03,0.049,0.012,0.27,0.02,0.17,-0.02
"Michael Eyssimont","25-26","BOS","C",46,460.33,28,13.91,28.27,0.08,-0.029,0.17,0.14,0.74,0.66,-0.003,0.026,0.21,-0.05,0.15,-0.01
"Michael Kesselring","25-26","BUF","D",27,344.47,25,13.78,27.7,0.6,0.031,0.3,0.3,0.46,-0.14,0.027,-0.004,0.25,0.05,0.26,0.03
"Michael McCarron","25-26","NSH","C",58,676.83,25,13.9,27.96,0.43,0.026,0.08,0.1,0.11,-0.31,0.022,-0.004,0.06,0.02,0.06,0.04
"Michael Misa","25-26","S.J","C",20,206.83,26,14.21,29.21,-0.87,-0.043,0.25,0.23,-0.58,0.29,-0.021,0.022,0.23,0.02,0.23,0
"Michael Rasmussen","25-26","DET","C",55,591.63,24,14.26,28.35,-0.42,-0.029,0.07,0.08,0.07,0.49,-0.019,0.01,0.04,0.04,0.09,-0.02
"Mika Zibanejad","25-26","NYR","C",58,874.9,30,15.98,31.59,0.87,0.024,0.22,0.23,0.2,-0.67,-0.023,-0.047,0.11,0.11,0.13,0.11
"Mikael Backlund","25-26","CGY","C",58,802.55,29,15.08,30.27,0.64,-0.003,0.12,0.11,0.7,0.05,-0.002,0.001,0.09,0.03,0.07,0.04
"Mikael Granlund","25-26","ANA","C",38,505.98,23,14.66,29.43,1.24,0.041,0.17,0.22,1.41,0.17,0.069,0.028,0.21,-0.05,0.22,-0.01
"Mike Matheson","25-26","MTL","D",56,1094.22,27,14,28.08,-0.18,0.019,0.29,0.34,0.15,0.33,0.026,0.007,0.28,0.01,0.33,0.01
"Mike Reilly","25-26","CAR","D",29,410.87,21,13.12,26.02,3.27,0.095,0.27,0.3,1.95,-1.32,0.086,-0.008,0.23,0.04,0.27,0.03
"Mikey Anderson","25-26","L.A","D",57,977.25,23,14.1,28.01,1.84,0.038,0.14,0.14,1.17,-0.67,-0.008,-0.046,0.07,0.07,0.06,0.08
"Mikhail Sergachev","25-26","UTA","D",59,1030.62,25,13.68,27.87,1.38,0.06,0.29,0.37,0.83,-0.55,0.05,-0.01,0.27,0.03,0.35,0.02
"Mikko Rantanen","25-26","DAL","R",54,833.32,23,15.57,31.18,-0.76,0.045,0.27,0.25,-0.81,-0.05,0.017,-0.028,0.18,0.09,0.2,0.05
"Miles Wood","25-26","CBJ","L",39,442.33,27,14.97,29.27,0.81,0.049,0.26,0.26,0.78,-0.03,0.037,-0.012,0.21,0.05,0.23,0.03
"Miro Heiskanen","25-26","DAL","D",57,1058.2,24,14.45,28.95,0.23,0.088,0.37,0.4,-0.61,-0.84,0.015,-0.073,0.23,0.14,0.28,0.12
"Mitch Marner","25-26","VGK","R",58,848.28,27,15.59,29.89,1.05,0.054,0.28,0.31,0.43,-0.62,0.002,-0.052,0.19,0.1,0.21,0.1
"Mitchell Chaffee","25-26","T.B","R",7,57.43,20,12.84,26.28,0.91,0.056,0.18,0.17,0,-0.91,0.012,-0.044,0.06,0.13,0.05,0.12
"Morgan Barron","25-26","WPG","C",49,513.12,27,13.85,27.75,-0.28,-0.023,0.01,0.1,-0.4,-0.12,-0.012,0.011,0.07,-0.06,0.12,-0.02
"Morgan Frost","25-26","CGY","C",58,697,30,14.84,29.78,0.2,-0.043,-0.03,0.01,0.69,0.49,-0.017,0.027,0,-0.03,0.02,-0.01
"Morgan Geekie","25-26","BOS","C",58,803.07,29,14.85,30.25,-0.3,-0.051,0.26,0.13,0.25,0.55,-0.019,0.031,0.29,-0.03,0.15,-0.01
"Morgan Rielly","25-26","TOR","D",57,1024.72,27,14.03,27.4,-1.26,-0.02,0.29,0.24,-0.19,1.08,-0.009,0.011,0.3,-0.01,0.25,-0.01
"Moritz Seider","25-26","DET","D",60,1206.22,24,14.32,28.45,0.1,0.011,0.23,0.15,0.27,0.17,0.002,-0.009,0.16,0.07,0.12,0.03
"Nate Danielson","25-26","DET","C",28,265.7,22,14.34,28.51,0.14,-0.014,0,0.02,0.28,0.14,-0.015,-0.001,-0.05,0.06,0,0.02
"Nate Schmidt","25-26","UTA","D",59,1008.08,25,13.83,28.14,1.92,0.065,0.43,0.36,0.73,-1.19,0.039,-0.026,0.37,0.06,0.31,0.05
"Nathan Bastian","25-26","DAL","R",26,217.37,24,13.19,26.44,-0.55,-0.016,0.08,0.06,-1.9,-1.35,-0.072,-0.056,-0.02,0.1,-0.05,0.12
"Nathan MacKinnon","25-26","COL","C",57,969.62,26,15.84,32.36,2.4,0.113,0.51,0.43,2.33,-0.06,0.099,-0.014,0.48,0.03,0.41,0.03
"Nathan Walker","25-26","STL","L",39,420.92,26,14.04,27.89,-2.25,-0.054,0.02,-0.02,-1.68,0.57,-0.072,-0.018,0,0.03,-0.03,0.01
"Nazem Kadri","25-26","CGY","C",58,896.55,30,14.85,29.76,-0.25,-0.027,-0.01,0.02,0.66,0.91,-0.021,0.006,-0.02,0.01,0.01,0
"Neal Pionk","25-26","WPG","D",40,707.9,25,13.75,27.56,0.17,-0.017,0.12,0.17,-0.18,-0.34,-0.002,0.015,0.15,-0.03,0.18,0
"Nic Dowd","25-26","WSH","C",54,680.45,24,14.14,28.67,0.55,0.052,0.2,0.24,0.6,0.06,0.053,0.001,0.17,0.03,0.22,0.02
"Nicholas Robertson","25-26","TOR","L",57,639.53,27,14.89,29.05,-1.12,-0.035,0.2,0.15,-0.24,0.88,-0.028,0.007,0.19,0.01,0.14,0.01
"Nick Bjugstad","25-26","STL","C",35,366.65,26,14.42,28.64,-1.05,-0.018,0.17,0.09,-1.15,-0.1,-0.045,-0.027,0.1,0.07,0.03,0.06
"Nick Blankenburg","25-26","NSH","D",47,668.87,23,13.4,26.97,0.81,0.038,0.14,0.12,0.49,-0.32,0.037,-0.001,0.13,0.01,0.12,0
"Nick Cousins","25-26","OTT","C",58,627.53,26,14.03,28.5,0.76,0.07,0.28,0.22,0.05,-0.71,0.004,-0.066,0.18,0.09,0.15,0.08
"Nick Desimone","25-26","UTA","D",33,460.73,22,13.05,26.57,0.7,0.072,0.33,0.29,0.46,-0.24,0.036,-0.036,0.24,0.08,0.24,0.05
"Nick Foligno","25-26","CHI","L",35,358.08,24,13.55,27.07,-1.26,-0.106,-0.01,-0.09,-1.57,-0.31,-0.087,0.019,-0.01,0,-0.08,0
"Nick Jensen","25-26","OTT","D",56,892.2,26,13.62,27.7,1.5,0.087,0.4,0.34,0.79,-0.72,0.023,-0.064,0.3,0.1,0.24,0.09
"Nick Lardis","25-26","CHI","L",21,224,23,13.79,27.56,-1.64,-0.096,0.02,-0.05,-1.5,0.15,-0.08,0.016,0,0.02,-0.04,-0.01
"Nick Leddy","25-26","S.J","D",19,300.05,25,13.17,27.07,-1.19,-0.058,0.22,0.21,-0.82,0.37,-0.032,0.026,0.25,-0.03,0.25,-0.03
"Nick Paul","25-26","T.B","L",34,405.12,27,13.53,27.57,1.43,0.085,0.3,0.29,0.25,-1.18,0.033,-0.052,0.19,0.11,0.17,0.12
"Nick Perbix","25-26","NSH","D",56,900.95,25,13.93,28.06,1.21,0.04,0.19,0.16,0.74,-0.46,0.037,-0.003,0.18,0.01,0.14,0.01
"Nick Schmaltz","25-26","UTA","C",59,850.77,25,15.28,31.12,2.02,0.089,0.43,0.35,0.89,-1.13,0.066,-0.023,0.38,0.06,0.3,0.05
"Nick Seeler","25-26","PHI","D",59,954.52,27,13.76,27.34,-0.65,0.006,0.15,0.22,-1.04,-0.39,-0.024,-0.031,0.12,0.03,0.17,0.05
"Nick Suzuki","25-26","MTL","C",59,918.77,27,15.68,31.45,0.66,0.07,0.33,0.52,0.44,-0.21,0.058,-0.012,0.29,0.04,0.48,0.04
"Nico Hischier","25-26","N.J","C",60,908.57,32,15.73,30.98,1.94,0.022,0.1,0.05,1.64,-0.3,0.017,-0.005,0.05,0.06,0.01,0.04
"Nico Sturm","25-26","MIN","C",37,337.6,28,13.94,27.58,-0.83,0.005,0.1,0.05,0.18,1.01,-0.009,-0.014,0.05,0.06,0.03,0.02
"Nicolas Deslauriers","25-26","PHI","L",22,180.68,24,13.51,26.84,-1.32,-0.045,0,-0.05,-1.58,-0.25,-0.097,-0.052,-0.07,0.06,-0.13,0.08
"Nicolas Hague","25-26","NSH","D",45,762.15,22,13.37,26.9,0.99,0.055,0.18,0.18,0.86,-0.12,0.054,-0.001,0.16,0.01,0.18,0
"Nicolas Roy","25-26","TOR","C",57,680.55,27,14.53,28.38,-1.66,-0.021,0.2,0.2,-0.41,1.25,-0.019,0.002,0.18,0.03,0.2,0
"Nikita Chibrikov","25-26","WPG","R",8,73.27,21,13.87,27.94,-1.2,-0.076,-0.15,-0.03,-0.69,0.51,-0.038,0.039,-0.04,-0.11,0.04,-0.07
"Nikita Grebenkin","25-26","PHI","R",45,494.03,27,14.32,28.46,-1.26,-0.027,0.07,0.08,-1.4,-0.14,-0.06,-0.033,0.04,0.04,0.03,0.05
"Nikita Kucherov","25-26","T.B","R",54,815.82,30,14.78,30.15,2.26,0.123,0.45,0.44,1.39,-0.87,0.094,-0.029,0.41,0.04,0.39,0.06
"Nikita Nesterenko","25-26","ANA","C",29,323.18,22,14.14,28.37,0.45,0.029,0.23,0.17,0.67,0.22,0.038,0.009,0.23,0.01,0.17,0.01
"Nikita Zadorov","25-26","BOS","D",58,1034.95,29,13.37,27.18,0.32,-0.025,0.24,0.22,0.58,0.26,0.002,0.027,0.31,-0.07,0.25,-0.03
"Niko Mikkola","25-26","FLA","D",59,1036.72,27,13.28,27.76,1.51,0.044,0.15,0.21,1.15,-0.36,0.029,-0.015,0.14,0.01,0.19,0.02
"Nikolaj Ehlers","25-26","CAR","L",59,783.72,25,15.15,29.99,4.22,0.088,0.24,0.24,2.34,-1.89,0.076,-0.012,0.22,0.02,0.19,0.05
"Nikolas Matinpalo","25-26","OTT","D",30,414.57,25,12.99,26.4,0.18,0.05,0.25,0.21,-0.11,-0.29,0.002,-0.048,0.18,0.06,0.17,0.04
"Nils Hoglander","25-26","VAN","L",20,218.47,26,14.31,28.57,-0.99,-0.086,-0.06,-0.04,-0.61,0.38,-0.044,0.042,0.01,-0.07,0,-0.04
"Nils Lundkvist","25-26","DAL","D",32,514.93,24,14.22,28.47,-0.63,0.024,0.25,0.24,-0.67,-0.03,0.008,-0.016,0.21,0.04,0.22,0.02
"Nino Niederreiter","25-26","WPG","R",55,664.68,26,14.35,28.78,0.26,-0.013,0.02,0.05,-0.32,-0.58,-0.013,0,0.02,0,0.03,0.02
"Noah Cates","25-26","PHI","L",59,730.83,27,15.02,29.81,-0.77,0,0.16,0.3,-1.09,-0.32,-0.033,-0.032,0.1,0.06,0.22,0.08
"Noah Dobson","25-26","MTL","D",59,1078.93,27,14.34,28.77,0.67,0.04,0.3,0.33,0.42,-0.25,0.038,-0.003,0.29,0.01,0.32,0.02
"Noah Gregor","25-26","FLA","L",24,185,21,12.38,25.85,-0.28,0,-0.05,-0.01,-0.5,-0.22,-0.034,-0.034,-0.1,0.04,-0.08,0.06
"Noah Hanifin","25-26","VGK","D",48,974.98,27,14.13,27.14,0.29,0.003,0.25,0.28,0.05,-0.24,-0.016,-0.019,0.22,0.03,0.23,0.05
"Noah Juulsen","25-26","PHI","D",43,530.73,27,13.31,26.42,-0.23,0.011,0.18,0.23,-0.54,-0.31,-0.015,-0.026,0.13,0.05,0.15,0.08
"Noah Laba","25-26","NYR","C",56,649.07,29,14.06,27.82,-1.12,-0.032,0.05,0.04,-0.63,0.49,-0.06,-0.029,-0.01,0.05,-0.01,0.05
"Noah Ostlund","25-26","BUF","C",48,573.08,25,14.69,29.54,0.61,0.04,0.32,0.3,0.63,0.02,0.039,-0.001,0.27,0.05,0.27,0.03
"Noah Philp","25-26","EDM","C",15,140.73,23,14.12,27.61,-1.05,-0.03,0.04,0.11,-0.91,0.14,-0.03,0,0.05,-0.01,0.09,0.03
"Noel Acciari","25-26","PIT","C",44,457.6,32,13.91,27.49,3.37,0.082,0.31,0.23,1.61,-1.76,0.032,-0.05,0.23,0.08,0.14,0.09
"Olen Zellweger","25-26","ANA","D",57,902.73,23,13.57,27.23,0.74,0.022,0.17,0.16,1.54,0.81,0.06,0.038,0.24,-0.07,0.23,-0.07
"Oliver Bjorkstrand","25-26","T.B","R",58,595.77,30,13.85,28.21,1.28,0.061,0.23,0.28,0.18,-1.1,0.016,-0.045,0.16,0.07,0.2,0.08
"Oliver Ekman-Larsson","25-26","TOR","D",60,1102.38,27,14.12,27.57,-1.21,-0.025,0.23,0.24,-0.33,0.88,-0.012,0.014,0.25,-0.02,0.25,-0.01
"Oliver Kapanen","25-26","MTL","C",59,708.48,27,14.87,29.81,-0.61,-0.019,0.33,0.26,-0.41,0.2,-0.004,0.015,0.34,0,0.25,0.01
"Oliver Moore","25-26","CHI","C",47,544.93,24,14.16,28.29,-1.14,-0.099,0.02,0.01,-1.05,0.09,-0.065,0.034,0.05,-0.03,0.04,-0.02
"Olle Lycksell","25-26","OTT","R",7,69.05,20,13.71,27.84,0.64,0.065,0.3,0.24,0.04,-0.61,-0.02,-0.086,0.15,0.16,0.07,0.17
"Olli Maatta","25-26","UTA","D",20,236.83,23,13.01,26.46,0.93,0.056,0.31,0.28,0.55,-0.38,0.033,-0.023,0.27,0.05,0.25,0.03
"Ondrej Palat","25-26","N.J","L",51,582.93,29,15.31,30.15,1.32,0.014,0.13,0.15,0.68,-0.64,-0.001,-0.015,0.06,0.07,0.09,0.06
"Ondrej Palat","25-26","NYI","L",8,111.27,18,15.99,31.85,1.9,0.034,0.33,0.42,0.98,-0.92,0.037,0.002,0.3,0.03,0.37,0.05
"Oskar Back","25-26","DAL","C",49,485.83,24,13.62,27.28,-0.25,0.024,0.18,0.19,-1.38,-1.13,-0.03,-0.055,0.08,0.11,0.09,0.1
"Oskar Sundqvist","25-26","STL","C",43,443.28,28,14.25,28.3,-1.2,-0.017,0.13,0.05,-1.33,-0.14,-0.051,-0.034,0.05,0.08,-0.02,0.07
"Otto Stenberg","25-26","STL","C",18,220.13,22,14.78,29.4,-1.22,-0.058,0.07,0.05,-0.98,0.24,-0.055,0.002,0.05,0.02,0.04,0
"Owen Beck","25-26","MTL","C",15,137.73,23,13.14,26.36,-0.21,-0.01,0.09,0.11,-0.62,-0.41,-0.006,0.004,0.08,0,0.09,0.02
"Owen Power","25-26","BUF","D",59,1074.23,28,13.6,27.37,-0.05,0.02,0.3,0.26,0.18,0.24,0.025,0.005,0.28,0.02,0.25,0.01
"Owen Tippett","25-26","PHI","R",59,788.72,27,15.2,30.2,0.11,0.053,0.22,0.2,-0.43,-0.54,0.005,-0.048,0.14,0.07,0.1,0.1
"Ozzy Wiesblatt","25-26","NSH","C",30,290.13,23,13.81,27.77,0.03,0.027,0.05,0.03,-0.39,-0.42,0.004,-0.022,-0.02,0.07,-0.03,0.06
"Parker Ford","25-26","WPG","C",11,95.63,23,13.05,26.41,-1.23,-0.056,-0.06,0.03,-0.48,0.75,-0.02,0.036,0.07,-0.13,0.12,-0.08
"Parker Kelly","25-26","COL","C",58,584.35,28,13.26,27.03,2.86,0.105,0.43,0.29,1.97,-0.89,0.036,-0.069,0.29,0.14,0.17,0.12
"Parker Wotherspoon","25-26","PIT","D",58,1011.55,36,13.92,27.51,1.47,0.044,0.25,0.21,1.27,-0.19,0.07,0.025,0.3,-0.05,0.23,-0.02
"Patrick Kane","25-26","DET","R",45,608.75,24,15.18,30.18,0.65,0.066,0.28,0.17,0.79,0.14,0.033,-0.032,0.18,0.11,0.09,0.08
"Paul Cotter","25-26","N.J","L",57,631.18,31,14.06,27.71,-0.66,-0.057,0.01,-0.02,-0.48,0.18,-0.06,-0.003,-0.04,0.05,-0.05,0.03
"Pavel Buchnevich","25-26","STL","L",59,791.58,29,15.33,30.48,-0.63,0.003,0.2,0.18,-0.78,-0.15,-0.024,-0.027,0.11,0.09,0.12,0.06
"Pavel Dorofeyev","25-26","VGK","R",59,800.35,27,15.32,29.4,0.84,0.036,0.22,0.18,0.31,-0.53,0.006,-0.03,0.16,0.06,0.12,0.06
"Pavel Mintyukov","25-26","ANA","D",53,800.8,23,13.21,26.51,0.37,0.003,0.18,0.12,0.96,0.59,0.036,0.033,0.23,-0.05,0.17,-0.05
"Pavel Zacha","25-26","BOS","C",56,700.97,27,14.63,29.71,0.56,-0.029,0.3,0.23,0.39,-0.17,-0.012,0.017,0.31,-0.02,0.21,0.02
"Pavol Regenda","25-26","S.J","L",17,194.2,25,14.19,29.15,-0.84,-0.044,0.23,0.13,-0.6,0.24,-0.033,0.011,0.21,0.01,0.14,-0.01
"Peyton Krebs","25-26","BUF","C",60,784.08,27,14.73,29.64,0.03,0.018,0.21,0.25,0.19,0.16,0.015,-0.004,0.16,0.05,0.22,0.03
"Philip Broberg","25-26","STL","D",58,1105.7,29,14.14,28.08,-0.8,0.032,0.21,0.17,-0.88,-0.08,-0.012,-0.044,0.11,0.1,0.1,0.07
"Philip Tomasino","25-26","PIT","R",9,106.33,26,14.54,28.76,0.96,0.07,0.08,0.16,1.02,0.06,0.085,0.016,0.12,-0.04,0.17,-0.01
"Philipp Kurashev","25-26","S.J","C",36,468.37,26,14.81,30.43,-1.07,-0.055,0.19,0.15,-0.81,0.26,-0.027,0.028,0.19,0,0.18,-0.03
"Philippe Myers","25-26","TOR","D",27,348.25,24,13.85,27.06,-1.42,-0.03,0.22,0.24,-0.4,1.02,-0.017,0.013,0.23,-0.01,0.25,-0.01
"Phillip Danault","25-26","L.A","C",30,404.65,20,14.7,29.2,1.35,0.035,0.05,0.1,0.79,-0.56,-0.024,-0.06,-0.06,0.1,-0.01,0.11
"Phillip Danault","25-26","MTL","C",23,282.87,23,14.2,28.47,-0.26,-0.034,0.04,0.11,0.18,0.44,0.014,0.048,0.14,-0.11,0.2,-0.09
"Pierre-Luc Dubois","25-26","WSH","L",10,131.67,21,15.29,31.03,2.72,0.109,0.35,0.47,1.73,-0.99,0.115,0.006,0.35,0,0.43,0.04
"Pierre-Olivier Joseph","25-26","VAN","D",23,294.78,30,13.32,26.65,-0.98,-0.092,-0.08,-0.06,-0.11,0.86,-0.022,0.071,0.06,-0.14,0.05,-0.11
"Pius Suter","25-26","STL","C",42,552.93,29,14.89,29.59,-0.99,-0.033,0.12,0.07,-0.84,0.16,-0.042,-0.009,0.07,0.05,0.05,0.02
"Pontus Holmberg","25-26","T.B","R",51,678.45,29,14.69,29.95,1.22,0.077,0.09,0.19,-0.11,-1.33,0.012,-0.065,0.01,0.09,0.08,0.11
"Quinn Hughes","25-26","MIN","D",28,662.32,26,15.08,29.74,-0.18,0.044,0.31,0.27,0.67,0.84,0.043,-0.002,0.25,0.07,0.27,0
"Quinn Hughes","25-26","VAN","D",26,553.12,29,14.03,28.14,-0.96,-0.085,-0.02,-0.05,-0.19,0.76,-0.011,0.074,0.11,-0.13,0.06,-0.11
"Quinton Byfield","25-26","L.A","R",58,865.8,23,15.02,29.83,0.77,0.017,0.06,0.11,0.28,-0.49,-0.03,-0.047,-0.02,0.08,0.03,0.09
"Radek Faksa","25-26","DAL","C",56,522.68,23,13.37,26.75,-0.38,0.003,0.19,0.23,-1.28,-0.9,-0.039,-0.043,0.1,0.09,0.14,0.08
"Radko Gudas","25-26","ANA","D",45,671.88,23,13.46,27.03,1.21,0.024,0.21,0.2,1.52,0.31,0.067,0.044,0.28,-0.07,0.25,-0.05
"Rasmus Andersson","25-26","CGY","D",48,871.45,28,14.16,28.47,-0.06,-0.02,0.08,0.01,0.14,0.2,-0.012,0.008,0.1,-0.02,0.03,-0.02
"Rasmus Andersson","25-26","VGK","D",10,189.02,23,14.72,28.16,0.5,0.055,0.33,0.31,0.19,-0.31,0.026,-0.029,0.26,0.07,0.24,0.07
"Rasmus Dahlin","25-26","BUF","D",56,1101.48,28,14.13,28.42,-0.18,0.03,0.37,0.3,0.14,0.32,0.036,0.006,0.35,0.02,0.3,0
"Rasmus Ristolainen","25-26","PHI","D",22,381.13,21,13.89,27.59,-0.19,0.023,0.17,0.27,-0.47,-0.28,-0.011,-0.033,0.13,0.04,0.2,0.07
"Rasmus Sandin","25-26","WSH","D",55,903.27,24,13.35,27.09,0.54,0.034,0.2,0.23,0.75,0.21,0.067,0.033,0.23,-0.03,0.27,-0.04
"Reid Schaefer","25-26","NSH","L",27,270.48,21,14.11,28.39,0.42,0.043,0.1,0.07,-0.23,-0.65,0.015,-0.028,0.02,0.08,0,0.07
"Reilly Smith","25-26","VGK","R",55,674.3,27,15.12,29.03,0.75,0.043,0.19,0.23,0.23,-0.52,-0.004,-0.047,0.11,0.08,0.13,0.11
"Rickard Rakell","25-26","PIT","R",37,543.65,31,15.86,31.33,0.1,0.008,0.13,0.23,0.65,0.55,0.07,0.062,0.23,-0.1,0.28,-0.05
"Ridly Greig","25-26","OTT","C",54,705.6,25,14.66,29.83,2.08,0.134,0.36,0.37,0.67,-1.41,0.037,-0.098,0.2,0.16,0.2,0.17
"Robby Fabbri","25-26","STL","C",15,179.63,26,14.46,28.75,-1.41,-0.059,0.04,0.01,-1.2,0.21,-0.059,0,0.04,0.01,0.01,0.01
"Robert Thomas","25-26","STL","C",42,591.02,28,15.47,30.77,-0.52,0.01,0.25,0.17,-0.41,0.11,0,-0.01,0.18,0.07,0.14,0.02
"Rodrigo Abols","25-26","PHI","C",42,408.12,25,13.52,26.85,-0.94,-0.023,0.02,0.15,-1.58,-0.64,-0.076,-0.052,-0.07,0.09,0.01,0.14
"Roman Josi","25-26","NSH","D",47,914.88,25,13.65,27.48,0.71,0.03,0.15,0.12,0.46,-0.25,0.035,0.004,0.15,0,0.13,-0.01
"Roope Hintz","25-26","DAL","C",52,682.82,23,15.69,31.43,0.97,0.099,0.34,0.42,0.14,-0.83,0.055,-0.045,0.25,0.09,0.34,0.08
"Ross Colton","25-26","COL","C",55,650.28,28,14.29,29.17,3.53,0.148,0.49,0.46,2.49,-1.05,0.082,-0.066,0.36,0.13,0.36,0.1
"Ross Johnston","25-26","ANA","L",56,537.87,23,13.86,27.77,0.35,0.027,0.11,0.13,0.6,0.25,0.025,-0.002,0.07,0.05,0.1,0.03
"Rutger McGroarty","25-26","PIT","R",20,226.47,27,14.35,28.38,2.01,0.086,0.11,0.26,1.37,-0.65,0.071,-0.015,0.02,0.09,0.17,0.09
"Ryan Donato","25-26","CHI","C",59,775.55,25,14.17,28.31,-0.69,-0.089,0.03,-0.01,-1.15,-0.47,-0.074,0.015,0.04,0,-0.02,0.01
"Ryan Graves","25-26","PIT","D",19,281,29,12.88,25.47,0.87,0.075,0.17,0.28,0.63,-0.24,0.054,-0.022,0.1,0.07,0.21,0.07
"Ryan Greene","25-26","CHI","C",58,764.57,25,14.79,29.56,-1.24,-0.1,0.05,0.03,-0.71,0.52,-0.048,0.052,0.12,-0.07,0.08,-0.06
"Ryan Hartman","25-26","MIN","R",56,808.25,29,15.58,30.81,-0.31,0.029,0.23,0.17,0.36,0.66,0.014,-0.014,0.16,0.07,0.15,0.02
"Ryan Leonard","25-26","WSH","R",55,648.1,23,14.53,29.46,0.66,0.027,0.19,0.17,0.86,0.2,0.056,0.029,0.2,-0.01,0.2,-0.03
"Ryan Lindgren","25-26","SEA","D",57,883.03,25,14.07,27.73,-1.22,-0.063,0.13,0.1,-0.55,0.67,-0.055,0.007,0.11,0.02,0.1,0
"Ryan Lomberg","25-26","CGY","L",50,441.5,30,13.41,26.91,-0.16,-0.024,0.01,-0.03,0.41,0.58,-0.021,0.003,0.01,0.01,-0.03,0
"Ryan McDonagh","25-26","T.B","D",25,391.53,25,13.58,27.66,1.08,0.107,0.36,0.36,0.2,-0.88,0.053,-0.054,0.26,0.09,0.26,0.1
"Ryan McLeod","25-26","BUF","C",60,796.62,28,15.24,30.67,0.1,0.001,0.21,0.16,0.39,0.29,0.049,0.048,0.28,-0.07,0.23,-0.07
"Ryan Nugent-Hopkins","25-26","EDM","C",52,697.32,29,16.22,31.79,1.3,0.125,0.22,0.36,1.15,-0.15,0.173,0.048,0.29,-0.08,0.39,-0.03
"Ryan O'Reilly","25-26","NSH","C",59,869.18,25,15.2,30.62,2.15,0.064,0.22,0.27,1.35,-0.8,0.049,-0.014,0.19,0.04,0.21,0.07
"Ryan Poehling","25-26","ANA","C",51,601.87,23,13.99,28.07,0.83,0.032,0.13,0.18,0.87,0.03,0.034,0.002,0.14,-0.01,0.15,0.03
"Ryan Pulock","25-26","NYI","D",58,1024.65,26,14.21,28.29,1.04,0.018,0.21,0.26,0.75,-0.29,0.028,0.01,0.19,0.01,0.26,0
"Ryan Reaves","25-26","S.J","R",47,372.17,26,12.88,26.46,-2.01,-0.056,0.05,0.1,-1.31,0.7,-0.055,0,0.01,0.05,0.09,0.01
"Ryan Shea","25-26","PIT","D",58,954.02,36,13.63,26.93,0.29,0.038,0.18,0.2,0.65,0.35,0.061,0.022,0.2,-0.03,0.21,-0.01
"Ryan Strome","25-26","ANA","C",32,341.33,23,14.08,28.26,0.57,-0.001,0.09,0.07,1.05,0.49,0.03,0.031,0.14,-0.06,0.12,-0.05
"Ryan Winterton","25-26","SEA","C",56,596.1,25,14.41,28.38,-1.68,-0.094,0.07,0.07,-0.83,0.85,-0.061,0.033,0.08,-0.01,0.09,-0.02
"Ryker Evans","25-26","SEA","D",44,695.42,24,13.38,26.34,-1.81,-0.078,0.16,0.03,-0.92,0.89,-0.062,0.016,0.15,0.01,0.05,-0.02
"Sam Bennett","25-26","FLA","C",59,808.22,27,14.43,30.19,1.51,0.022,0.08,0.15,1.03,-0.48,0.024,0.002,0.12,-0.04,0.16,-0.01
"Sam Carrick","25-26","NYR","C",59,552.32,30,13.49,26.71,-0.94,-0.041,0.13,0.06,-0.6,0.34,-0.067,-0.026,0.06,0.07,0.01,0.05
"Sam Colangelo","25-26","ANA","R",9,85.43,23,13.87,27.84,-0.06,-0.008,0.2,0.09,0.39,0.45,0.012,0.02,0.22,-0.02,0.12,-0.02
"Sam Dickinson","25-26","S.J","D",47,692.02,27,12.91,26.51,-1.37,-0.05,0.18,0.2,-1.06,0.31,-0.037,0.013,0.2,-0.02,0.22,-0.02
"Sam Lafferty","25-26","CHI","C",19,167.97,24,13.51,26.96,-1.15,-0.111,-0.01,-0.08,-1.47,-0.32,-0.095,0.016,0,0,-0.07,-0.01
"Sam Malinski","25-26","COL","D",58,925.42,28,13.49,27.49,3.46,0.126,0.49,0.49,2.58,-0.88,0.078,-0.048,0.39,0.11,0.4,0.09
"Sam Reinhart","25-26","FLA","C",59,836.57,26,14.96,31.28,2.31,0.06,0.18,0.21,1.06,-1.24,0.03,-0.03,0.15,0.04,0.12,0.09
"Sam Rinzel","25-26","CHI","D",32,459.78,22,14.3,28.6,-1.3,-0.094,0.07,0.04,-0.79,0.52,-0.048,0.046,0.13,-0.06,0.11,-0.06
"Sam Steel","25-26","DAL","C",59,793.82,24,15.22,30.49,-1.25,0.01,0.25,0.23,-1.11,0.14,-0.008,-0.018,0.19,0.06,0.2,0.03
"Sammy Blais","25-26","MTL","L",13,110.4,20,13.38,26.83,-0.24,-0.006,0.07,0.08,-0.46,-0.22,-0.005,0.001,0.03,0.04,0.05,0.02
"Sammy Blais","25-26","TOR","L",8,64.47,24,14.21,27.75,-1.91,-0.039,0.12,0.16,-0.87,1.05,-0.037,0.002,0.11,0.02,0.14,0.02
"Samuel Girard","25-26","COL","D",40,660.43,27,13.08,26.69,3.97,0.157,0.5,0.47,3,-0.96,0.1,-0.057,0.38,0.12,0.37,0.1
"Samuel Helenius","25-26","L.A","C",31,246.23,23,13.64,26.91,0.59,0.026,0.11,0.05,0.86,0.27,-0.007,-0.032,0.06,0.05,0.01,0.05
"Samuel Honzek","25-26","CGY","L",18,193.55,22,15.13,30.45,2.25,0.064,0.21,0.16,1.33,-0.92,0.017,-0.048,0.14,0.07,0.07,0.09
"Sandis Vilmanis","25-26","FLA","L",16,158.22,22,13.26,27.72,1.52,0.053,0.23,0.23,0.38,-1.14,0.007,-0.046,0.11,0.12,0.08,0.14
"Scott Laughton","25-26","TOR","C",42,466.1,27,14.02,27.32,-1.56,-0.02,0.21,0.16,-0.77,0.79,-0.046,-0.025,0.14,0.07,0.11,0.05
"Scott Mayfield","25-26","NYI","D",58,890.33,27,13.19,26.23,-0.76,-0.046,0.07,0.08,-0.25,0.51,-0.012,0.034,0.13,-0.06,0.16,-0.08
"Scott Morrow","25-26","NYR","D",29,406.8,28,13.41,26.51,-0.09,-0.008,0.13,0.1,-0.09,0,-0.033,-0.025,0.09,0.05,0.06,0.05
"Scott Sabourin","25-26","T.B","R",13,99.93,27,12.45,25.38,0.66,0.046,0.11,0.14,-0.33,-0.99,0,-0.046,-0.01,0.12,0.03,0.11
"Sean Couturier","25-26","PHI","C",58,780.2,27,14.82,29.45,-0.63,0.019,0.16,0.23,-0.76,-0.14,-0.014,-0.033,0.1,0.07,0.15,0.08
"Sean Durzi","25-26","UTA","D",38,675.28,25,13.69,27.85,1.74,0.043,0.34,0.35,0.95,-0.79,0.042,-0.001,0.32,0.02,0.32,0.03
"Sean Kuraly","25-26","BOS","C",59,624.17,29,13.77,27.98,-0.25,-0.046,0.11,0.04,0.66,0.91,-0.012,0.034,0.16,-0.06,0.09,-0.06
"Sean Monahan","25-26","CBJ","C",54,712.97,28,15.22,29.8,1.19,0.058,0.22,0.27,1.47,0.28,0.055,-0.003,0.2,0.03,0.26,0.01
"Sean Walker","25-26","CAR","D",59,1103.68,25,13.99,27.68,4.42,0.11,0.27,0.35,2.5,-1.92,0.092,-0.018,0.24,0.02,0.3,0.05
"Sebastian Aho","25-26","CAR","C",59,835.5,23,15.23,30.14,4.17,0.09,0.26,0.28,2.57,-1.6,0.085,-0.005,0.27,0,0.24,0.03
"Seth Jarvis","25-26","CAR","C",51,694.18,25,15.35,30.37,5,0.101,0.27,0.3,3.16,-1.83,0.112,0.011,0.3,-0.04,0.28,0.02
"Seth Jones","25-26","FLA","D",40,674,23,13.66,28.57,1.31,0.038,0.16,0.2,0.6,-0.71,0.018,-0.021,0.15,0.01,0.17,0.03
"Shakir Mukhamadullin","25-26","S.J","D",27,398.13,27,13.27,27.24,-1.19,-0.049,0.18,0.21,-0.83,0.37,-0.037,0.012,0.19,0,0.22,-0.01
"Shane Pinto","25-26","OTT","C",49,679.48,25,14.87,30.24,2.13,0.114,0.38,0.37,0.17,-1.96,0.012,-0.102,0.22,0.16,0.18,0.19
"Shane Wright","25-26","SEA","C",59,720.55,25,14.43,28.43,-1.28,-0.06,0.14,0.14,-0.6,0.67,-0.038,0.022,0.12,0.02,0.14,0
"Shayne Gostisbehere","25-26","CAR","D",42,671.73,24,13.73,27.19,3.65,0.063,0.26,0.25,2.32,-1.33,0.073,0.01,0.28,-0.01,0.26,-0.01
"Shea Theodore","25-26","VGK","D",47,926.92,27,14.46,27.75,-0.02,0.032,0.29,0.32,-0.06,-0.04,0,-0.032,0.24,0.05,0.25,0.07
"Sidney Crosby","25-26","PIT","C",56,877.18,35,15.44,30.5,-0.18,-0.028,0.07,-0.04,0.34,0.52,0.039,0.067,0.18,-0.11,0.06,-0.1
"Simon Benoit","25-26","TOR","D",52,794.43,26,13.8,26.9,-0.89,-0.011,0.27,0.26,-0.24,0.65,-0.016,-0.005,0.26,0.01,0.25,0.02
"Simon Edvinsson","25-26","DET","D",50,1010.22,23,14.29,28.4,1.82,0.109,0.33,0.3,0.94,-0.88,0.037,-0.071,0.2,0.13,0.17,0.13
"Simon Holmstrom","25-26","NYI","R",58,739.17,27,14.81,29.49,-0.44,-0.027,0.07,0.07,-0.22,0.21,0.015,0.041,0.13,-0.06,0.12,-0.05
"Simon Nemec","25-26","N.J","D",46,811.47,32,13.94,27.43,1,0.016,0.11,0.06,0.5,-0.5,0.002,-0.015,0.05,0.06,0.03,0.04
"Sonny Milano","25-26","WSH","L",31,241.75,24,13.45,27.24,1.14,0.063,0.21,0.23,0.94,-0.2,0.048,-0.015,0.13,0.08,0.17,0.06
"Spencer Stastney","25-26","EDM","D",30,430.07,25,13.46,26.35,-0.56,-0.015,0.16,0.18,-0.59,-0.03,-0.007,0.008,0.16,-0.01,0.16,0.02
"Spencer Stastney","25-26","NSH","D",30,396.98,23,12.94,26.01,0.82,0.057,0.17,0.12,0.47,-0.34,0.042,-0.016,0.11,0.05,0.1,0.02
"Stefan Noesen","25-26","N.J","R",38,374.87,27,14.22,27.95,-1.01,-0.05,0.03,-0.04,-0.54,0.47,-0.046,0.004,-0.03,0.06,-0.05,0.01
"Stephen Halliday","25-26","OTT","C",27,168.78,24,13.52,27.46,1.03,0.089,0.25,0.25,0.24,-0.8,0.004,-0.085,0.12,0.13,0.12,0.13
"Steven Lorentz","25-26","TOR","C",52,497.9,27,14.11,27.47,-1.82,-0.023,0.09,0.21,-0.95,0.88,-0.042,-0.02,0.05,0.04,0.15,0.06
"Steven Santini","25-26","T.B","D",9,101.77,21,12.44,25.29,0.48,0.038,0.32,0.23,-0.17,-0.65,-0.008,-0.046,0.22,0.11,0.15,0.08
"Steven Stamkos","25-26","NSH","C",59,808.98,24,14.84,29.88,0.91,0.025,0.14,0.15,0.76,-0.15,0.041,0.015,0.15,-0.01,0.15,-0.01
"Tage Thompson","25-26","BUF","C",60,894.62,28,15.39,31,1.33,0.075,0.36,0.29,1.11,-0.22,0.054,-0.021,0.28,0.08,0.24,0.05
"Tanner Jeannot","25-26","BOS","L",55,629.02,29,13.95,28.37,0.14,-0.027,0.21,0.11,0.77,0.63,-0.007,0.02,0.22,-0.02,0.12,-0.01
"Tanner Laczynski","25-26","VGK","C",10,99.65,23,14.33,27.61,-1,0.031,0.26,0.15,-1.01,-0.01,-0.014,-0.045,0.19,0.08,0.07,0.08
"Tanner Pearson","25-26","WPG","L",49,468.75,27,13.7,27.49,-0.04,-0.016,0.01,0.02,-0.35,-0.31,-0.008,0.007,0.08,-0.07,0.03,0
"Taylor Hall","25-26","CAR","L",59,727.32,25,14.48,28.68,3.58,0.101,0.26,0.28,2.05,-1.53,0.082,-0.019,0.21,0.05,0.22,0.06
"Taylor Makar","25-26","COL","L",12,74.52,22,12.59,25.64,2.17,0.06,0.41,0.27,1.67,-0.5,0.015,-0.045,0.37,0.05,0.22,0.05
"Taylor Raddysh","25-26","NYR","R",56,598.48,30,13.94,27.57,-1.09,-0.025,0.09,0.02,-0.59,0.5,-0.049,-0.024,0.03,0.07,-0.02,0.04
"Taylor Ward","25-26","L.A","R",17,168.8,22,13.62,26.9,0.69,0.022,0.08,0.13,0.74,0.05,-0.016,-0.038,0.01,0.08,0.04,0.09
"Teddy Blueger","25-26","VAN","C",12,168.02,25,14.32,28.55,-1.78,-0.106,-0.16,-0.12,-0.52,1.26,-0.049,0.057,-0.04,-0.12,-0.03,-0.1
"Teuvo Teravainen","25-26","CHI","C",52,653.65,25,14.48,28.95,-1.1,-0.074,0.08,0.03,-0.91,0.19,-0.049,0.025,0.1,-0.02,0.05,-0.02
"Thomas Chabot","25-26","OTT","D",44,791.38,25,13.59,27.62,0.95,0.07,0.33,0.31,0.35,-0.6,0.032,-0.038,0.27,0.06,0.26,0.05
"Thomas Harley","25-26","DAL","D",47,932.22,24,13.78,27.59,-0.45,0.04,0.29,0.3,-0.75,-0.29,0.001,-0.039,0.2,0.08,0.23,0.08
"Thomas Novak","25-26","PIT","C",58,730.08,35,14.62,28.88,0.15,0.023,0.11,0.14,0.34,0.19,0.056,0.032,0.16,-0.05,0.17,-0.03
"Tim Stützle","25-26","OTT","C",59,845.38,26,14.56,29.62,1.95,0.114,0.33,0.36,0.91,-1.04,0.044,-0.07,0.22,0.11,0.24,0.12
"Tim Washe","25-26","ANA","C",15,145.95,22,13.88,27.85,0.46,0.039,0.24,0.21,0.14,-0.32,0.008,-0.032,0.17,0.07,0.12,0.1
"Timo Meier","25-26","N.J","R",55,848.8,30,15.71,30.96,1.57,0.041,0.1,0.17,1.05,-0.52,0.033,-0.008,0.06,0.04,0.12,0.04
"Timothy Liljegren","25-26","S.J","D",43,715.67,27,13.73,28.2,-0.22,-0.038,0.23,0.26,-0.39,-0.17,-0.022,0.016,0.23,0,0.26,0
"Tobias Bjornfot","25-26","FLA","D",10,109.8,19,12.45,26.02,1.21,0.054,0.16,0.18,0.69,-0.52,0.016,-0.038,0.09,0.07,0.12,0.06
"Tom Willander","25-26","VAN","D",47,641.07,28,13.53,27.08,-1.17,-0.072,0,-0.01,-0.6,0.57,-0.033,0.039,0.09,-0.09,0.03,-0.04
"Tom Wilson","25-26","WSH","R",52,699.08,23,15.31,31.08,1.62,0.04,0.28,0.25,1.28,-0.34,0.082,0.041,0.3,-0.03,0.29,-0.04
"Tomas Hertl","25-26","VGK","C",59,784.93,27,15.25,29.25,0.42,0.038,0.23,0.22,-0.02,-0.44,-0.016,-0.054,0.13,0.1,0.13,0.09
"Tony Deangelo","25-26","NYI","D",60,1014.32,27,13.8,27.5,0.43,0.01,0.11,0.16,0.3,-0.13,0.017,0.007,0.12,-0.01,0.18,-0.02
"Travis Hamonic","25-26","DET","D",25,311.13,22,13.23,26.3,-0.7,-0.005,0.13,0.07,-0.09,0.6,-0.012,-0.007,0.08,0.05,0.05,0.02
"Travis Konecny","25-26","PHI","R",58,849.27,27,15.34,30.47,-0.19,0.041,0.2,0.21,-0.7,-0.5,0.005,-0.035,0.17,0.03,0.14,0.07
"Travis Mitchell","25-26","NYI","D",9,102.53,20,12.8,25.41,-2.63,-0.093,0.02,0.06,-1.8,0.83,-0.063,0.03,0.04,-0.02,0.08,-0.02
"Travis Sanheim","25-26","PHI","D",59,1130.27,27,13.94,27.7,-0.49,0.011,0.18,0.27,-0.82,-0.33,-0.024,-0.035,0.14,0.05,0.2,0.07
"Trent Frederic","25-26","EDM","C",58,622.87,29,14.16,27.78,-0.21,0.003,0.07,0.15,-0.48,-0.27,0.007,0.003,0.08,-0.01,0.11,0.03
"Trevor Moore","25-26","L.A","L",47,626.02,22,14.75,29.32,0.72,0.012,0.07,0.02,0.5,-0.22,-0.033,-0.045,0,0.07,-0.06,0.08
"Trevor Van Riemsdyk","25-26","WSH","D",48,652.18,24,13.34,27.06,0.32,0.031,0.22,0.22,0.47,0.15,0.046,0.014,0.23,0,0.24,-0.02
"Trevor Zegras","25-26","PHI","C",59,901.4,27,15.28,30.35,-1.05,-0.003,0.19,0.16,-0.75,0.3,0.006,0.008,0.22,-0.03,0.17,-0.01
"Troy Stecher","25-26","EDM","D",6,79.75,20,14.44,28.23,-0.43,-0.019,0.1,0.21,0.05,0.48,-0.002,0.017,0.15,-0.05,0.23,-0.02
"Troy Stecher","25-26","TOR","D",41,727.48,27,14.04,27.39,-1.26,-0.023,0.22,0.25,-0.49,0.77,-0.022,0,0.22,0.01,0.23,0.01
"Troy Terry","25-26","ANA","R",46,619.63,23,14.75,29.62,1.32,0.009,0.19,0.24,1.6,0.29,0.045,0.037,0.24,-0.06,0.28,-0.04
"Ty Dellandrea","25-26","S.J","C",42,477.87,26,13.65,28.02,-1.56,-0.056,0.12,0.15,-1.04,0.52,-0.036,0.02,0.15,-0.03,0.2,-0.05
"Ty Emberson","25-26","EDM","D",56,809.73,29,13.31,26.14,-0.35,-0.027,0.03,0.07,-0.55,-0.19,-0.014,0.012,0.07,-0.04,0.08,0
"Tye Kartye","25-26","SEA","L",40,378.25,25,14.02,27.62,-1.41,-0.063,0.11,0.08,-0.9,0.51,-0.039,0.024,0.11,0,0.09,-0.01
"Tyler Bertuzzi","25-26","CHI","L",56,817.23,25,14.6,29.2,-1.54,-0.108,0.05,-0.04,-1.13,0.41,-0.063,0.045,0.11,-0.06,0.01,-0.05
"Tyler Kleven","25-26","OTT","D",54,814.7,25,13.21,26.88,2.72,0.116,0.35,0.38,1.27,-1.45,0.041,-0.075,0.24,0.12,0.26,0.12
"Tyler Myers","25-26","VAN","D",57,972.52,32,13.41,26.83,-1.13,-0.079,-0.02,-0.01,-0.48,0.65,-0.03,0.049,0.08,-0.1,0.05,-0.06
"Tyler Pitlick","25-26","MIN","C",31,239.75,29,13.45,26.55,-1.5,-0.011,0.02,-0.02,-0.21,1.29,-0.016,-0.005,0.01,0.02,0.01,-0.03
"Tyler Seguin","25-26","DAL","C",27,375.1,23,15.17,30.4,0.06,0.066,0.29,0.27,-0.58,-0.64,0.011,-0.055,0.17,0.12,0.17,0.1
"Tyler Toffoli","25-26","S.J","C",57,684.1,27,15.16,31.15,-0.61,-0.041,0.23,0.2,-0.53,0.09,-0.009,0.033,0.24,-0.01,0.23,-0.03
"Tyler Tucker","25-26","STL","D",54,696.45,28,13.54,26.92,-0.91,-0.023,0.15,0.14,-1.02,-0.11,-0.049,-0.026,0.1,0.05,0.09,0.04
"Tyson Foerster","25-26","PHI","R",21,282.52,22,15.05,29.91,-1.04,-0.006,0.17,0.22,-1.59,-0.55,-0.066,-0.06,0.09,0.08,0.11,0.11
"Tyson Jost","25-26","NSH","C",46,473.5,25,13.92,28.03,0.38,0.033,0.15,0.1,0,-0.38,0.023,-0.01,0.1,0.05,0.06,0.04
"Tyson Kozak","25-26","BUF","C",38,383.33,28,14.4,28.94,-0.22,0.012,0.18,0.17,-0.17,0.05,-0.012,-0.024,0.11,0.07,0.12,0.05
"Urho Vaakanainen","25-26","NYR","D",27,359.73,28,13.32,26.35,-0.57,-0.037,0.1,0.03,-0.22,0.35,-0.049,-0.012,0.07,0.04,0.01,0.01
"Uvis Balinskis","25-26","FLA","D",50,718.78,26,12.82,26.8,1.35,0.044,0.14,0.14,0.74,-0.61,0.015,-0.029,0.1,0.04,0.1,0.04
"Valeri Nichushkin","25-26","COL","R",49,658.83,24,14.9,30.43,3.59,0.165,0.53,0.51,2.88,-0.71,0.124,-0.042,0.44,0.09,0.44,0.07
"Vasily Podkolzin","25-26","EDM","R",61,864.87,29,15.79,30.9,0.51,0.016,0.18,0.3,0.42,-0.08,0.042,0.025,0.24,-0.06,0.3,0
"Victor Hedman","25-26","T.B","D",24,344.58,25,13.74,28,2.61,0.127,0.42,0.46,1.3,-1.31,0.077,-0.049,0.34,0.08,0.36,0.1
"Victor Mancini","25-26","VAN","D",10,130.1,27,13.35,26.69,-1.25,-0.071,-0.04,0,-0.57,0.69,-0.026,0.045,0.06,-0.1,0.07,-0.06
"Victor Olofsson","25-26","COL","L",58,626.85,26,14.35,29.29,4.15,0.163,0.55,0.43,3.19,-0.96,0.096,-0.067,0.4,0.15,0.32,0.11
"Victor Soderstrom","25-26","BOS","D",8,108.5,20,13.01,26.49,-0.6,-0.052,0.19,0.22,0.43,1.04,-0.023,0.028,0.25,-0.06,0.25,-0.03
"Viktor Arvidsson","25-26","BOS","L",47,566.32,26,14.56,29.57,0.44,-0.033,0.24,0.26,0.17,-0.28,-0.017,0.016,0.27,-0.03,0.24,0.02
"Ville Koivunen","25-26","PIT","R",27,316.37,32,14.45,28.59,1.43,0.066,0.1,0.14,1.07,-0.36,0.07,0.004,0.1,0,0.11,0.03
"Vince Dunn","25-26","SEA","D",58,1070.5,25,14.34,28.26,-2.28,-0.117,0.04,0.03,-1.24,1.04,-0.066,0.051,0.11,-0.06,0.1,-0.06
"Vincent Desharnais","25-26","S.J","D",30,389.73,27,12.87,26.45,-1.58,-0.068,0.19,0.18,-1.04,0.54,-0.037,0.03,0.25,-0.05,0.23,-0.05
"Vincent Iorio","25-26","S.J","D",21,308.83,25,13.17,27.02,-1.39,-0.053,0.21,0.2,-0.92,0.47,-0.026,0.028,0.24,-0.04,0.24,-0.04
"Vincent Trocheck","25-26","NYR","C",45,682.85,29,15.67,30.98,0.35,0.008,0.16,0.18,-0.01,-0.36,-0.031,-0.039,0.07,0.09,0.09,0.08
"Vinnie Hinostroza","25-26","MIN","C",46,452.73,27,14.43,28.54,-0.68,0.024,0.06,0.13,0.36,1.04,0.002,-0.021,-0.01,0.07,0.11,0.02
"Vladimir Tarasenko","25-26","MIN","R",53,633.45,29,14.98,29.59,-0.25,0.036,0.24,0.17,0.35,0.6,0.015,-0.021,0.15,0.08,0.13,0.04
"Vladislav Gavrikov","25-26","NYR","D",59,1179.27,30,14.54,28.74,1.11,0.03,0.25,0.15,0.73,-0.38,-0.005,-0.036,0.15,0.1,0.09,0.07
"Vladislav Kolyachonok","25-26","DAL","D",11,134.58,22,12.8,25.62,-0.53,0.009,0.22,0.24,-1,-0.47,-0.025,-0.034,0.15,0.06,0.18,0.05
"Vladislav Namestnikov","25-26","WPG","C",57,651.15,27,14.41,28.89,0.31,0.009,0.04,0.11,-0.2,-0.51,-0.006,-0.015,0.01,0.03,0.06,0.04
"Warren Foegele","25-26","L.A","L",46,582.75,23,14.81,29.44,1.54,0.03,0.09,0.06,0.99,-0.56,-0.009,-0.039,0.02,0.07,-0.01,0.07
"Will Cuylle","25-26","NYR","L",59,783.22,30,15.38,30.41,-0.29,-0.006,0.13,0.13,-0.05,0.25,-0.033,-0.027,0.06,0.07,0.08,0.05
"Will Smith","25-26","S.J","C",44,611.83,27,15.22,31.26,-0.52,-0.028,0.37,0.28,-0.46,0.07,-0.003,0.025,0.35,0.02,0.27,0.01
"William Borgen","25-26","NYR","D",52,839.6,30,13.69,27.06,-0.09,-0.004,0.17,0.12,-0.11,-0.02,-0.032,-0.028,0.11,0.06,0.07,0.05
"William Carrier","25-26","CAR","L",48,527.87,24,14.43,28.56,3.63,0.076,0.16,0.22,1.83,-1.81,0.06,-0.016,0.14,0.02,0.16,0.06
"William Eklund","25-26","S.J","L",53,791.2,27,14.77,30.33,-0.42,-0.023,0.31,0.22,-0.44,-0.02,-0.017,0.006,0.27,0.03,0.22,0
"William Karlsson","25-26","VGK","C",14,175.53,20,14.97,28.74,-0.12,-0.016,0.05,0.13,-0.06,0.06,-0.018,-0.002,0.09,-0.04,0.14,0
"William Nylander","25-26","TOR","R",43,646.82,26,15.51,30.28,-0.65,0.008,0.27,0.27,-0.11,0.54,0.008,0,0.23,0.04,0.23,0.04
"Wyatt Johnston","25-26","DAL","C",59,906.3,24,15.57,31.19,-0.38,0.044,0.29,0.35,-0.8,-0.42,0.002,-0.042,0.19,0.1,0.26,0.09
"Wyatt Kaiser","25-26","CHI","D",57,963.08,25,13.46,26.91,-1.5,-0.113,0.02,-0.01,-0.8,0.7,-0.049,0.064,0.1,-0.08,0.07,-0.09
"Yakov Trenin","25-26","MIN","C",60,709.37,29,14.21,28.08,-0.74,0.004,0.09,0.13,0.23,0.96,-0.013,-0.017,0.01,0.08,0.1,0.03
"Yan Kuznetsov","25-26","CGY","D",44,808.25,29,14.05,28.22,0.89,-0.032,-0.03,-0.01,1.25,0.36,-0.002,0.03,0.03,-0.06,0.02,-0.04
"Yanni Gourde","25-26","T.B","C",58,808.45,30,14.56,29.69,1.96,0.09,0.24,0.32,0.27,-1.69,0.024,-0.066,0.12,0.11,0.18,0.14
"Yegor Chinakhov","25-26","CBJ","R",29,286.58,23,14.31,28,0.69,0.033,0.16,0.17,0.81,0.12,0.023,-0.01,0.11,0.05,0.15,0.02
"Yegor Chinakhov","25-26","PIT","R",20,249.02,25,14.86,29.42,0.27,0.067,0.26,0.15,0.25,-0.02,0.085,0.018,0.26,0,0.12,0.03
"Yegor Sharangovich","25-26","CGY","C",54,711.37,29,15.19,30.45,-0.04,-0.024,0.01,0,0.66,0.7,-0.009,0.015,0.02,-0.01,0.01,-0.01
"Zach Aston-Reese","25-26","CBJ","C/L",26,230.9,26,14.02,27.42,0.46,0.005,0.17,0.17,0.3,-0.16,-0.008,-0.013,0.1,0.06,0.13,0.03
"Zach Benson","25-26","BUF","L",43,569.18,25,15.38,30.98,0.18,0.003,0.3,0.31,0.38,0.2,0.025,0.021,0.29,0.01,0.32,-0.01
"Zach Bogosian","25-26","MIN","D",27,376.13,27,13.55,26.73,-0.97,0.002,0.16,0.1,-0.1,0.87,0.001,-0.002,0.11,0.05,0.1,0
"Zach Hyman","25-26","EDM","L",42,657.25,28,16.47,32.29,1.75,0.149,0.25,0.37,1.24,-0.5,0.184,0.036,0.3,-0.05,0.38,-0.01
"Zach Metsa","25-26","BUF","D",29,278.53,25,13.27,26.69,0.19,0.026,0.28,0.29,0.14,-0.05,0.025,-0.001,0.25,0.03,0.26,0.03
"Zach Werenski","25-26","CBJ","D",54,1151.9,28,14.24,27.87,0.65,0.036,0.26,0.2,0.75,0.1,0.041,0.005,0.22,0.03,0.2,0
"Zach Whitecloud","25-26","CGY","D",10,206.48,22,14.07,28.23,-0.63,-0.057,-0.03,-0.08,0.14,0.78,-0.031,0.026,0.03,-0.06,-0.02,-0.06
"Zach Whitecloud","25-26","VGK","D",47,789.93,24,14.3,27.38,0.39,0.032,0.18,0.25,0.12,-0.27,0.009,-0.024,0.14,0.03,0.2,0.05
"Zachary Bolduc","25-26","MTL","R",58,667.75,27,14.72,29.53,0.38,0.036,0.23,0.29,0.12,-0.26,0.028,-0.008,0.2,0.03,0.25,0.04
"Zack Ostapchuk","25-26","S.J","C",34,302.58,26,12.6,25.91,-2.09,-0.043,0.05,0.1,-1.47,0.62,-0.05,-0.007,0.01,0.04,0.09,0.01
"Zakhar Bardakov","25-26","COL","C",44,302.53,28,12.7,25.87,2.6,0.081,0.4,0.31,1.94,-0.66,0.03,-0.051,0.29,0.11,0.22,0.09
"Zayne Parekh","25-26","CGY","D",15,184.43,25,13.04,26.23,0.88,0.008,0.07,0.05,0.77,-0.12,-0.011,-0.019,0.01,0.05,0,0.05
"Zeev Buium","25-26","MIN","D",31,467.47,24,13.46,26.55,-0.63,0.007,0.2,0.13,0.24,0.87,0.006,-0.001,0.17,0.03,0.14,-0.01
"Zeev Buium","25-26","VAN","D",22,375,24,13.8,27.58,-0.6,-0.086,-0.04,-0.02,0.01,0.61,-0.019,0.066,0.05,-0.09,0.06,-0.08
"Zemgus Girgensons","25-26","T.B","C",51,662.2,28,14.84,30.27,2.87,0.141,0.25,0.37,0.85,-2.02,0.039,-0.102,0.11,0.14,0.19,0.18
